--
-- PostgreSQL database dump
--

-- Dumped from database version 17.5
-- Dumped by pg_dump version 17.5

SET statement_timeout = 0;
SET lock_timeout = 0;
SET idle_in_transaction_session_timeout = 0;
SET transaction_timeout = 0;
SET client_encoding = 'UTF8';
SET standard_conforming_strings = on;
SELECT pg_catalog.set_config('search_path', '', false);
SET check_function_bodies = false;
SET xmloption = content;
SET client_min_messages = warning;
SET row_security = off;

SET default_tablespace = '';

SET default_table_access_method = heap;

--
-- Name: auth_group; Type: TABLE; Schema: public; Owner: postgres
--

CREATE TABLE public.auth_group (
    id integer NOT NULL,
    name character varying(150) NOT NULL
);


ALTER TABLE public.auth_group OWNER TO postgres;

--
-- Name: auth_group_id_seq; Type: SEQUENCE; Schema: public; Owner: postgres
--

ALTER TABLE public.auth_group ALTER COLUMN id ADD GENERATED BY DEFAULT AS IDENTITY (
    SEQUENCE NAME public.auth_group_id_seq
    START WITH 1
    INCREMENT BY 1
    NO MINVALUE
    NO MAXVALUE
    CACHE 1
);


--
-- Name: auth_group_permissions; Type: TABLE; Schema: public; Owner: postgres
--

CREATE TABLE public.auth_group_permissions (
    id bigint NOT NULL,
    group_id integer NOT NULL,
    permission_id integer NOT NULL
);


ALTER TABLE public.auth_group_permissions OWNER TO postgres;

--
-- Name: auth_group_permissions_id_seq; Type: SEQUENCE; Schema: public; Owner: postgres
--

ALTER TABLE public.auth_group_permissions ALTER COLUMN id ADD GENERATED BY DEFAULT AS IDENTITY (
    SEQUENCE NAME public.auth_group_permissions_id_seq
    START WITH 1
    INCREMENT BY 1
    NO MINVALUE
    NO MAXVALUE
    CACHE 1
);


--
-- Name: auth_permission; Type: TABLE; Schema: public; Owner: postgres
--

CREATE TABLE public.auth_permission (
    id integer NOT NULL,
    name character varying(255) NOT NULL,
    content_type_id integer NOT NULL,
    codename character varying(100) NOT NULL
);


ALTER TABLE public.auth_permission OWNER TO postgres;

--
-- Name: auth_permission_id_seq; Type: SEQUENCE; Schema: public; Owner: postgres
--

ALTER TABLE public.auth_permission ALTER COLUMN id ADD GENERATED BY DEFAULT AS IDENTITY (
    SEQUENCE NAME public.auth_permission_id_seq
    START WITH 1
    INCREMENT BY 1
    NO MINVALUE
    NO MAXVALUE
    CACHE 1
);


--
-- Name: auth_user; Type: TABLE; Schema: public; Owner: postgres
--

CREATE TABLE public.auth_user (
    id integer NOT NULL,
    password character varying(128) NOT NULL,
    last_login timestamp with time zone,
    is_superuser boolean NOT NULL,
    username character varying(150) NOT NULL,
    first_name character varying(150) NOT NULL,
    last_name character varying(150) NOT NULL,
    email character varying(254) NOT NULL,
    is_staff boolean NOT NULL,
    is_active boolean NOT NULL,
    date_joined timestamp with time zone NOT NULL
);


ALTER TABLE public.auth_user OWNER TO postgres;

--
-- Name: auth_user_groups; Type: TABLE; Schema: public; Owner: postgres
--

CREATE TABLE public.auth_user_groups (
    id bigint NOT NULL,
    user_id integer NOT NULL,
    group_id integer NOT NULL
);


ALTER TABLE public.auth_user_groups OWNER TO postgres;

--
-- Name: auth_user_groups_id_seq; Type: SEQUENCE; Schema: public; Owner: postgres
--

ALTER TABLE public.auth_user_groups ALTER COLUMN id ADD GENERATED BY DEFAULT AS IDENTITY (
    SEQUENCE NAME public.auth_user_groups_id_seq
    START WITH 1
    INCREMENT BY 1
    NO MINVALUE
    NO MAXVALUE
    CACHE 1
);


--
-- Name: auth_user_id_seq; Type: SEQUENCE; Schema: public; Owner: postgres
--

ALTER TABLE public.auth_user ALTER COLUMN id ADD GENERATED BY DEFAULT AS IDENTITY (
    SEQUENCE NAME public.auth_user_id_seq
    START WITH 1
    INCREMENT BY 1
    NO MINVALUE
    NO MAXVALUE
    CACHE 1
);


--
-- Name: auth_user_user_permissions; Type: TABLE; Schema: public; Owner: postgres
--

CREATE TABLE public.auth_user_user_permissions (
    id bigint NOT NULL,
    user_id integer NOT NULL,
    permission_id integer NOT NULL
);


ALTER TABLE public.auth_user_user_permissions OWNER TO postgres;

--
-- Name: auth_user_user_permissions_id_seq; Type: SEQUENCE; Schema: public; Owner: postgres
--

ALTER TABLE public.auth_user_user_permissions ALTER COLUMN id ADD GENERATED BY DEFAULT AS IDENTITY (
    SEQUENCE NAME public.auth_user_user_permissions_id_seq
    START WITH 1
    INCREMENT BY 1
    NO MINVALUE
    NO MAXVALUE
    CACHE 1
);


--
-- Name: authtoken_token; Type: TABLE; Schema: public; Owner: postgres
--

CREATE TABLE public.authtoken_token (
    key character varying(40) NOT NULL,
    created timestamp with time zone NOT NULL,
    user_id integer NOT NULL
);


ALTER TABLE public.authtoken_token OWNER TO postgres;

--
-- Name: clientes_cliente; Type: TABLE; Schema: public; Owner: postgres
--

CREATE TABLE public.clientes_cliente (
    id bigint NOT NULL,
    nome character varying(255) NOT NULL,
    nuit character varying(50),
    celular character varying(50)
);


ALTER TABLE public.clientes_cliente OWNER TO postgres;

--
-- Name: clientes_cliente_id_seq; Type: SEQUENCE; Schema: public; Owner: postgres
--

ALTER TABLE public.clientes_cliente ALTER COLUMN id ADD GENERATED BY DEFAULT AS IDENTITY (
    SEQUENCE NAME public.clientes_cliente_id_seq
    START WITH 1
    INCREMENT BY 1
    NO MINVALUE
    NO MAXVALUE
    CACHE 1
);


--
-- Name: cotacoes_cotacao; Type: TABLE; Schema: public; Owner: postgres
--

CREATE TABLE public.cotacoes_cotacao (
    id bigint NOT NULL,
    numero character varying(20),
    nome_cliente character varying(100) NOT NULL,
    nuit_cliente character varying(20),
    celular_cliente character varying(20),
    data timestamp with time zone NOT NULL
);


ALTER TABLE public.cotacoes_cotacao OWNER TO postgres;

--
-- Name: cotacoes_cotacao_id_seq; Type: SEQUENCE; Schema: public; Owner: postgres
--

ALTER TABLE public.cotacoes_cotacao ALTER COLUMN id ADD GENERATED BY DEFAULT AS IDENTITY (
    SEQUENCE NAME public.cotacoes_cotacao_id_seq
    START WITH 1
    INCREMENT BY 1
    NO MINVALUE
    NO MAXVALUE
    CACHE 1
);


--
-- Name: cotacoes_itemcotacao; Type: TABLE; Schema: public; Owner: postgres
--

CREATE TABLE public.cotacoes_itemcotacao (
    id bigint NOT NULL,
    quantidade integer NOT NULL,
    tipo character varying(10) NOT NULL,
    cotacao_id bigint NOT NULL,
    produto_id bigint NOT NULL,
    CONSTRAINT cotacoes_itemcotacao_quantidade_check CHECK ((quantidade >= 0))
);


ALTER TABLE public.cotacoes_itemcotacao OWNER TO postgres;

--
-- Name: cotacoes_itemcotacao_id_seq; Type: SEQUENCE; Schema: public; Owner: postgres
--

ALTER TABLE public.cotacoes_itemcotacao ALTER COLUMN id ADD GENERATED BY DEFAULT AS IDENTITY (
    SEQUENCE NAME public.cotacoes_itemcotacao_id_seq
    START WITH 1
    INCREMENT BY 1
    NO MINVALUE
    NO MAXVALUE
    CACHE 1
);


--
-- Name: django_admin_log; Type: TABLE; Schema: public; Owner: postgres
--

CREATE TABLE public.django_admin_log (
    id integer NOT NULL,
    action_time timestamp with time zone NOT NULL,
    object_id text,
    object_repr character varying(200) NOT NULL,
    action_flag smallint NOT NULL,
    change_message text NOT NULL,
    content_type_id integer,
    user_id integer NOT NULL,
    CONSTRAINT django_admin_log_action_flag_check CHECK ((action_flag >= 0))
);


ALTER TABLE public.django_admin_log OWNER TO postgres;

--
-- Name: django_admin_log_id_seq; Type: SEQUENCE; Schema: public; Owner: postgres
--

ALTER TABLE public.django_admin_log ALTER COLUMN id ADD GENERATED BY DEFAULT AS IDENTITY (
    SEQUENCE NAME public.django_admin_log_id_seq
    START WITH 1
    INCREMENT BY 1
    NO MINVALUE
    NO MAXVALUE
    CACHE 1
);


--
-- Name: django_content_type; Type: TABLE; Schema: public; Owner: postgres
--

CREATE TABLE public.django_content_type (
    id integer NOT NULL,
    app_label character varying(100) NOT NULL,
    model character varying(100) NOT NULL
);


ALTER TABLE public.django_content_type OWNER TO postgres;

--
-- Name: django_content_type_id_seq; Type: SEQUENCE; Schema: public; Owner: postgres
--

ALTER TABLE public.django_content_type ALTER COLUMN id ADD GENERATED BY DEFAULT AS IDENTITY (
    SEQUENCE NAME public.django_content_type_id_seq
    START WITH 1
    INCREMENT BY 1
    NO MINVALUE
    NO MAXVALUE
    CACHE 1
);


--
-- Name: django_migrations; Type: TABLE; Schema: public; Owner: postgres
--

CREATE TABLE public.django_migrations (
    id bigint NOT NULL,
    app character varying(255) NOT NULL,
    name character varying(255) NOT NULL,
    applied timestamp with time zone NOT NULL
);


ALTER TABLE public.django_migrations OWNER TO postgres;

--
-- Name: django_migrations_id_seq; Type: SEQUENCE; Schema: public; Owner: postgres
--

ALTER TABLE public.django_migrations ALTER COLUMN id ADD GENERATED BY DEFAULT AS IDENTITY (
    SEQUENCE NAME public.django_migrations_id_seq
    START WITH 1
    INCREMENT BY 1
    NO MINVALUE
    NO MAXVALUE
    CACHE 1
);


--
-- Name: django_session; Type: TABLE; Schema: public; Owner: postgres
--

CREATE TABLE public.django_session (
    session_key character varying(40) NOT NULL,
    session_data text NOT NULL,
    expire_date timestamp with time zone NOT NULL
);


ALTER TABLE public.django_session OWNER TO postgres;

--
-- Name: produtos_categoria; Type: TABLE; Schema: public; Owner: postgres
--

CREATE TABLE public.produtos_categoria (
    id bigint NOT NULL,
    nome character varying(100) NOT NULL
);


ALTER TABLE public.produtos_categoria OWNER TO postgres;

--
-- Name: produtos_categoria_id_seq; Type: SEQUENCE; Schema: public; Owner: postgres
--

ALTER TABLE public.produtos_categoria ALTER COLUMN id ADD GENERATED BY DEFAULT AS IDENTITY (
    SEQUENCE NAME public.produtos_categoria_id_seq
    START WITH 1
    INCREMENT BY 1
    NO MINVALUE
    NO MAXVALUE
    CACHE 1
);


--
-- Name: produtos_produto; Type: TABLE; Schema: public; Owner: postgres
--

CREATE TABLE public.produtos_produto (
    id bigint NOT NULL,
    nome character varying(100) NOT NULL,
    descricao text NOT NULL,
    preco_venda numeric(10,2),
    preco_aluguer numeric(10,2),
    pode_ser_vendido boolean NOT NULL,
    pode_ser_alugado boolean NOT NULL,
    activo boolean NOT NULL,
    categoria_id bigint
);


ALTER TABLE public.produtos_produto OWNER TO postgres;

--
-- Name: produtos_produto_id_seq; Type: SEQUENCE; Schema: public; Owner: postgres
--

ALTER TABLE public.produtos_produto ALTER COLUMN id ADD GENERATED BY DEFAULT AS IDENTITY (
    SEQUENCE NAME public.produtos_produto_id_seq
    START WITH 1
    INCREMENT BY 1
    NO MINVALUE
    NO MAXVALUE
    CACHE 1
);


--
-- Name: stock_stock; Type: TABLE; Schema: public; Owner: postgres
--

CREATE TABLE public.stock_stock (
    id bigint NOT NULL,
    quantidade integer NOT NULL,
    produto_id bigint NOT NULL,
    data_entrada timestamp with time zone NOT NULL,
    CONSTRAINT stock_stock_quantidade_check CHECK ((quantidade >= 0))
);


ALTER TABLE public.stock_stock OWNER TO postgres;

--
-- Name: stock_stock_id_seq; Type: SEQUENCE; Schema: public; Owner: postgres
--

ALTER TABLE public.stock_stock ALTER COLUMN id ADD GENERATED BY DEFAULT AS IDENTITY (
    SEQUENCE NAME public.stock_stock_id_seq
    START WITH 1
    INCREMENT BY 1
    NO MINVALUE
    NO MAXVALUE
    CACHE 1
);


--
-- Name: token_blacklist_blacklistedtoken; Type: TABLE; Schema: public; Owner: postgres
--

CREATE TABLE public.token_blacklist_blacklistedtoken (
    id bigint NOT NULL,
    blacklisted_at timestamp with time zone NOT NULL,
    token_id bigint NOT NULL
);


ALTER TABLE public.token_blacklist_blacklistedtoken OWNER TO postgres;

--
-- Name: token_blacklist_blacklistedtoken_id_seq; Type: SEQUENCE; Schema: public; Owner: postgres
--

ALTER TABLE public.token_blacklist_blacklistedtoken ALTER COLUMN id ADD GENERATED BY DEFAULT AS IDENTITY (
    SEQUENCE NAME public.token_blacklist_blacklistedtoken_id_seq
    START WITH 1
    INCREMENT BY 1
    NO MINVALUE
    NO MAXVALUE
    CACHE 1
);


--
-- Name: token_blacklist_outstandingtoken; Type: TABLE; Schema: public; Owner: postgres
--

CREATE TABLE public.token_blacklist_outstandingtoken (
    id bigint NOT NULL,
    token text NOT NULL,
    created_at timestamp with time zone,
    expires_at timestamp with time zone NOT NULL,
    user_id integer,
    jti character varying(255) NOT NULL
);


ALTER TABLE public.token_blacklist_outstandingtoken OWNER TO postgres;

--
-- Name: token_blacklist_outstandingtoken_id_seq; Type: SEQUENCE; Schema: public; Owner: postgres
--

ALTER TABLE public.token_blacklist_outstandingtoken ALTER COLUMN id ADD GENERATED BY DEFAULT AS IDENTITY (
    SEQUENCE NAME public.token_blacklist_outstandingtoken_id_seq
    START WITH 1
    INCREMENT BY 1
    NO MINVALUE
    NO MAXVALUE
    CACHE 1
);


--
-- Name: transaccoes_cliente; Type: TABLE; Schema: public; Owner: postgres
--

CREATE TABLE public.transaccoes_cliente (
    id bigint NOT NULL,
    nome character varying(100) NOT NULL,
    nuit character varying(20),
    celular character varying(20)
);


ALTER TABLE public.transaccoes_cliente OWNER TO postgres;

--
-- Name: transaccoes_cliente_id_seq; Type: SEQUENCE; Schema: public; Owner: postgres
--

ALTER TABLE public.transaccoes_cliente ALTER COLUMN id ADD GENERATED BY DEFAULT AS IDENTITY (
    SEQUENCE NAME public.transaccoes_cliente_id_seq
    START WITH 1
    INCREMENT BY 1
    NO MINVALUE
    NO MAXVALUE
    CACHE 1
);


--
-- Name: transaccoes_itemtransaccao; Type: TABLE; Schema: public; Owner: postgres
--

CREATE TABLE public.transaccoes_itemtransaccao (
    id bigint NOT NULL,
    quantidade integer NOT NULL,
    tipo character varying(10) NOT NULL,
    produto_id bigint NOT NULL,
    transaccao_id bigint NOT NULL,
    CONSTRAINT transaccoes_itemtransaccao_quantidade_check CHECK ((quantidade >= 0))
);


ALTER TABLE public.transaccoes_itemtransaccao OWNER TO postgres;

--
-- Name: transaccoes_itemtransaccao_id_seq; Type: SEQUENCE; Schema: public; Owner: postgres
--

ALTER TABLE public.transaccoes_itemtransaccao ALTER COLUMN id ADD GENERATED BY DEFAULT AS IDENTITY (
    SEQUENCE NAME public.transaccoes_itemtransaccao_id_seq
    START WITH 1
    INCREMENT BY 1
    NO MINVALUE
    NO MAXVALUE
    CACHE 1
);


--
-- Name: transaccoes_transaccao; Type: TABLE; Schema: public; Owner: postgres
--

CREATE TABLE public.transaccoes_transaccao (
    id bigint NOT NULL,
    numero character varying(20),
    data timestamp with time zone NOT NULL,
    tipo_pagamento character varying(20) NOT NULL,
    cliente_id bigint NOT NULL
);


ALTER TABLE public.transaccoes_transaccao OWNER TO postgres;

--
-- Name: transaccoes_transaccao_id_seq; Type: SEQUENCE; Schema: public; Owner: postgres
--

ALTER TABLE public.transaccoes_transaccao ALTER COLUMN id ADD GENERATED BY DEFAULT AS IDENTITY (
    SEQUENCE NAME public.transaccoes_transaccao_id_seq
    START WITH 1
    INCREMENT BY 1
    NO MINVALUE
    NO MAXVALUE
    CACHE 1
);


--
-- Data for Name: auth_group; Type: TABLE DATA; Schema: public; Owner: postgres
--

COPY public.auth_group (id, name) FROM stdin;
1	Superusuários
3	Estoquistas
2	Vendedores
\.


--
-- Data for Name: auth_group_permissions; Type: TABLE DATA; Schema: public; Owner: postgres
--

COPY public.auth_group_permissions (id, group_id, permission_id) FROM stdin;
1	1	1
2	1	2
3	1	3
4	1	4
5	1	5
6	1	6
7	1	7
8	1	8
9	1	9
10	1	10
11	1	11
12	1	12
13	1	13
14	1	14
15	1	15
16	1	16
17	1	17
18	1	18
19	1	19
20	1	20
21	1	21
22	1	22
23	1	23
24	1	24
25	1	25
26	1	26
27	1	27
28	1	28
29	1	29
30	1	30
31	1	31
32	1	32
33	1	33
34	1	34
35	1	35
36	1	36
37	1	37
38	1	38
39	1	39
40	1	40
41	1	41
42	1	42
43	1	43
44	1	44
45	1	45
46	1	46
47	1	47
48	1	48
49	1	49
50	1	50
51	1	51
52	1	52
53	1	53
54	1	54
55	1	55
56	1	56
57	1	57
58	1	58
59	1	59
60	1	60
61	1	61
62	1	62
63	1	63
64	1	64
65	1	65
66	1	66
67	1	67
68	1	68
69	1	69
70	1	70
71	1	71
72	1	72
73	1	73
74	1	74
75	1	75
76	1	76
77	2	36
78	2	37
79	2	40
80	2	41
81	2	44
82	2	45
83	2	48
84	2	52
85	2	53
86	2	54
87	2	56
88	2	57
89	2	60
90	2	61
91	2	64
92	2	69
93	2	72
94	2	73
95	2	76
96	3	65
97	3	68
98	2	68
\.


--
-- Data for Name: auth_permission; Type: TABLE DATA; Schema: public; Owner: postgres
--

COPY public.auth_permission (id, name, content_type_id, codename) FROM stdin;
1	Can add log entry	1	add_logentry
2	Can change log entry	1	change_logentry
3	Can delete log entry	1	delete_logentry
4	Can view log entry	1	view_logentry
5	Can add permission	2	add_permission
6	Can change permission	2	change_permission
7	Can delete permission	2	delete_permission
8	Can view permission	2	view_permission
9	Can add group	3	add_group
10	Can change group	3	change_group
11	Can delete group	3	delete_group
12	Can view group	3	view_group
13	Can add user	4	add_user
14	Can change user	4	change_user
15	Can delete user	4	delete_user
16	Can view user	4	view_user
17	Can add content type	5	add_contenttype
18	Can change content type	5	change_contenttype
19	Can delete content type	5	delete_contenttype
20	Can view content type	5	view_contenttype
21	Can add session	6	add_session
22	Can change session	6	change_session
23	Can delete session	6	delete_session
24	Can view session	6	view_session
25	Can add Token	7	add_token
26	Can change Token	7	change_token
27	Can delete Token	7	delete_token
28	Can view Token	7	view_token
29	Can add Token	8	add_tokenproxy
30	Can change Token	8	change_tokenproxy
31	Can delete Token	8	delete_tokenproxy
32	Can view Token	8	view_tokenproxy
33	Can add categoria	9	add_categoria
34	Can change categoria	9	change_categoria
35	Can delete categoria	9	delete_categoria
36	Can view categoria	9	view_categoria
37	Can add cotacao	10	add_cotacao
38	Can change cotacao	10	change_cotacao
39	Can delete cotacao	10	delete_cotacao
40	Can view cotacao	10	view_cotacao
41	Can add produto	11	add_produto
42	Can change produto	11	change_produto
43	Can delete produto	11	delete_produto
44	Can view produto	11	view_produto
45	Can add item cotacao	12	add_itemcotacao
46	Can change item cotacao	12	change_itemcotacao
47	Can delete item cotacao	12	delete_itemcotacao
48	Can view item cotacao	12	view_itemcotacao
49	Can add cliente	13	add_cliente
50	Can change cliente	13	change_cliente
51	Can delete cliente	13	delete_cliente
52	Can view cliente	13	view_cliente
53	Can add cliente	14	add_cliente
54	Can change cliente	14	change_cliente
55	Can delete cliente	14	delete_cliente
56	Can view cliente	14	view_cliente
57	Can add transaccao	15	add_transaccao
58	Can change transaccao	15	change_transaccao
59	Can delete transaccao	15	delete_transaccao
60	Can view transaccao	15	view_transaccao
61	Can add item transaccao	16	add_itemtransaccao
62	Can change item transaccao	16	change_itemtransaccao
63	Can delete item transaccao	16	delete_itemtransaccao
64	Can view item transaccao	16	view_itemtransaccao
65	Can add stock	17	add_stock
66	Can change stock	17	change_stock
67	Can delete stock	17	delete_stock
68	Can view stock	17	view_stock
69	Can add cotacao	18	add_cotacao
70	Can change cotacao	18	change_cotacao
71	Can delete cotacao	18	delete_cotacao
72	Can view cotacao	18	view_cotacao
73	Can add item cotacao	19	add_itemcotacao
74	Can change item cotacao	19	change_itemcotacao
75	Can delete item cotacao	19	delete_itemcotacao
76	Can view item cotacao	19	view_itemcotacao
77	Can add cliente	20	add_cliente
78	Can change cliente	20	change_cliente
79	Can delete cliente	20	delete_cliente
80	Can view cliente	20	view_cliente
81	Can add blacklisted token	21	add_blacklistedtoken
82	Can change blacklisted token	21	change_blacklistedtoken
83	Can delete blacklisted token	21	delete_blacklistedtoken
84	Can view blacklisted token	21	view_blacklistedtoken
85	Can add outstanding token	22	add_outstandingtoken
86	Can change outstanding token	22	change_outstandingtoken
87	Can delete outstanding token	22	delete_outstandingtoken
88	Can view outstanding token	22	view_outstandingtoken
\.


--
-- Data for Name: auth_user; Type: TABLE DATA; Schema: public; Owner: postgres
--

COPY public.auth_user (id, password, last_login, is_superuser, username, first_name, last_name, email, is_staff, is_active, date_joined) FROM stdin;
5	pbkdf2_sha256$1000000$cZXiwtFBMVSXa6TyK8Ne02$Sm9Tuo3nWTwJy6KqmldmA7KcJ88ofFNrk3Fd1eFrUQw=	\N	f	Junior				f	t	2025-06-26 02:34:18.391594+02
6	pbkdf2_sha256$1000000$an8INTgnED3SJAEfiTURr3$pi9VpLh7glke0A8epRLiKzaZLbxRR8d0bIDTZUAkwaU=	\N	f	David				f	t	2025-06-26 02:34:42.894499+02
7	pbkdf2_sha256$1000000$3mWkPTyv8eG6bcQOk9XZhu$s8uQN4DZPwB1ZW7TCAF/dg1bf+/yUd8XxS6GaH5qnuU=	2025-07-21 23:50:28.796722+02	f	Alfina				f	t	2025-06-26 02:47:00+02
1	pbkdf2_sha256$1000000$0XsjN5KwD34Afm7sPz2B78$tgJal+IJxL6Rfk2RHBeSgHipbs/AguJZk7M+4GnKoj0=	2025-07-21 14:15:14.269555+02	t	BAYALA			bayala@bayala.co.mz	t	t	2025-06-25 10:12:39.710897+02
4	pbkdf2_sha256$1000000$wHEwzhWAnJ0PUdTZJK4PAR$LOXZcToAVCiaVoy1rUEu7VZqquEucOPQRadD/SqSp3M=	\N	t	Samuel	Samuel	Mabunda		f	t	2025-06-26 02:33:49+02
2	pbkdf2_sha256$1000000$LcC0BT43OD3xbtvqm626zy$mN60m0O6hWDS7HmYJ57461vMFSz1ZB2dJIsKuAcXHZ8=	\N	t	Sheldon	Sheldon	Mabunda		f	t	2025-06-26 02:32:37+02
3	pbkdf2_sha256$1000000$qYnrdUxKPvdzQd2xlR8ErZ$Qf9FCabnhmuZJI/WqwiH2O0+PJlA96V/O8QetMHCzaQ=	\N	f	Beatriz				f	t	2025-06-26 02:33:09+02
\.


--
-- Data for Name: auth_user_groups; Type: TABLE DATA; Schema: public; Owner: postgres
--

COPY public.auth_user_groups (id, user_id, group_id) FROM stdin;
1	4	1
2	2	1
3	3	2
4	7	2
\.


--
-- Data for Name: auth_user_user_permissions; Type: TABLE DATA; Schema: public; Owner: postgres
--

COPY public.auth_user_user_permissions (id, user_id, permission_id) FROM stdin;
\.


--
-- Data for Name: authtoken_token; Type: TABLE DATA; Schema: public; Owner: postgres
--

COPY public.authtoken_token (key, created, user_id) FROM stdin;
\.


--
-- Data for Name: clientes_cliente; Type: TABLE DATA; Schema: public; Owner: postgres
--

COPY public.clientes_cliente (id, nome, nuit, celular) FROM stdin;
\.


--
-- Data for Name: cotacoes_cotacao; Type: TABLE DATA; Schema: public; Owner: postgres
--

COPY public.cotacoes_cotacao (id, numero, nome_cliente, nuit_cliente, celular_cliente, data) FROM stdin;
1	001/2025	Andre	\N	\N	2025-06-27 03:58:47.122094+02
2	002/2025	José	\N	\N	2025-06-27 04:07:58.162146+02
3	003/2025	bgf	\N	\N	2025-06-27 04:08:45.200957+02
4	004/2025	rfg	\N	\N	2025-06-27 04:18:55.513829+02
5	005/2025	thfjyhu	861654	816751	2025-06-27 04:19:47.55364+02
6	006/2025	vfcd	856	984	2025-06-27 04:27:49.614018+02
7	007/2025	Americo	852146	878048270	2025-06-27 04:33:29.021924+02
8	008/2025	Moi	\N	\N	2025-07-01 01:37:33.177529+02
9	009/2025	Ane	\N	\N	2025-07-16 13:03:26.366415+02
10	010/2025	Adele	\N	\N	2025-07-17 14:28:08.597108+02
11	011/2025	Adele	\N	\N	2025-07-17 15:01:34.944027+02
12	012/2025	Adele	\N	\N	2025-07-17 15:06:16.643387+02
13	013/2025	rson	\N	\N	2025-07-17 19:12:24.188973+02
14	014/2025	gvh	\N	\N	2025-07-18 00:44:13.721784+02
15	015/2025	JKLJ	\N	\N	2025-07-18 03:13:20.615052+02
16	016/2025	Sheldon	\N	\N	2025-07-22 11:42:09.759301+02
\.


--
-- Data for Name: cotacoes_itemcotacao; Type: TABLE DATA; Schema: public; Owner: postgres
--

COPY public.cotacoes_itemcotacao (id, quantidade, tipo, cotacao_id, produto_id) FROM stdin;
1	2	venda	1	4
2	3	venda	2	4
3	2	venda	3	4
4	3	venda	4	4
5	10	venda	5	4
6	2	venda	6	4
7	4	venda	7	4
8	2	venda	8	4
9	3	venda	8	6
10	4	venda	8	7
11	1	venda	9	5
12	1	venda	10	6
13	1	venda	11	7
14	1	venda	12	7
15	1	venda	12	6
16	1	venda	13	7
17	1	venda	14	7
18	1	venda	15	4
19	1	venda	15	5
20	1	venda	16	4
\.


--
-- Data for Name: django_admin_log; Type: TABLE DATA; Schema: public; Owner: postgres
--

COPY public.django_admin_log (id, action_time, object_id, object_repr, action_flag, change_message, content_type_id, user_id) FROM stdin;
1	2025-06-25 11:59:27.125337+02	1	Fotocopiadoras	1	[{"added": {}}]	9	1
2	2025-06-26 02:27:45.031428+02	2	Computadores	1	[{"added": {}}]	9	1
3	2025-06-26 02:27:59.548478+02	3	Tonners	1	[{"added": {}}]	9	1
4	2025-06-26 02:29:35.094235+02	1	Impressoras/Fotocopiadoras	2	[{"changed": {"fields": ["Nome da Categoria"]}}]	9	1
5	2025-06-26 02:29:40.804652+02	1	Impressoras/Fotocopiadoras	2	[]	9	1
6	2025-06-26 02:32:39.912418+02	2	Sheldon	1	[{"added": {}}]	4	1
7	2025-06-26 02:33:11.331502+02	3	Beatriz	1	[{"added": {}}]	4	1
8	2025-06-26 02:33:51.295075+02	4	Samuel	1	[{"added": {}}]	4	1
9	2025-06-26 02:34:20.246157+02	5	Junior	1	[{"added": {}}]	4	1
10	2025-06-26 02:34:44.884655+02	6	David	1	[{"added": {}}]	4	1
11	2025-06-26 02:40:18.52518+02	1	Superusuários	1	[{"added": {}}]	3	1
12	2025-06-26 02:43:35.628968+02	2	Vendedores	1	[{"added": {}}]	3	1
13	2025-06-26 02:44:13.82929+02	3	Estoquistas	1	[{"added": {}}]	3	1
14	2025-06-26 02:44:29.174749+02	2	Vendedores	2	[{"changed": {"fields": ["Permissions"]}}]	3	1
15	2025-06-26 02:45:47.034588+02	4	Samuel	2	[{"changed": {"fields": ["Superuser status", "Groups"]}}]	4	1
16	2025-06-26 02:46:06.658977+02	2	Sheldon	2	[{"changed": {"fields": ["Superuser status", "Groups"]}}]	4	1
17	2025-06-26 02:46:25.656348+02	3	Beatriz	2	[{"changed": {"fields": ["Groups"]}}]	4	1
18	2025-06-26 02:47:02.453579+02	7	Alfina	1	[{"added": {}}]	4	1
19	2025-06-26 02:47:13.128493+02	7	Alfina	2	[{"changed": {"fields": ["Groups"]}}]	4	1
20	2025-06-27 03:28:34.505927+02	2	Xerox (venda) x1	3		19	1
21	2025-06-27 03:28:34.506006+02	1	Xerox (venda) x1	3		19	1
22	2025-06-27 05:20:49.014366+02	5	Xerox (venda) x1	3		16	1
23	2025-06-27 05:20:49.014443+02	4	Xerox (venda) x2	3		16	1
24	2025-06-27 05:20:49.014484+02	3	Xerox (venda) x6	3		16	1
25	2025-06-27 05:20:49.014524+02	2	Xerox (venda) x1	3		16	1
26	2025-06-27 05:20:49.014562+02	1	Xerox (venda) x3	3		16	1
27	2025-07-22 02:31:38.437925+02	1	BAYALA	2	[{"changed": {"fields": ["password"]}}]	4	1
28	2025-07-22 12:09:25.199652+02	4	Samuel	2	[{"changed": {"fields": ["password"]}}]	4	1
29	2025-07-22 12:09:52.18268+02	4	Samuel	2	[{"changed": {"fields": ["First name", "Last name"]}}]	4	1
30	2025-07-22 12:10:41.359655+02	2	Sheldon	2	[{"changed": {"fields": ["password"]}}]	4	1
31	2025-07-22 12:10:56.62514+02	2	Sheldon	2	[{"changed": {"fields": ["First name", "Last name"]}}]	4	1
32	2025-07-22 12:11:47.047715+02	3	Beatriz	2	[{"changed": {"fields": ["password"]}}]	4	1
33	2025-07-22 12:11:53.676817+02	3	Beatriz	2	[]	4	1
\.


--
-- Data for Name: django_content_type; Type: TABLE DATA; Schema: public; Owner: postgres
--

COPY public.django_content_type (id, app_label, model) FROM stdin;
1	admin	logentry
2	auth	permission
3	auth	group
4	auth	user
5	contenttypes	contenttype
6	sessions	session
7	authtoken	token
8	authtoken	tokenproxy
9	produtos	categoria
10	produtos	cotacao
11	produtos	produto
12	produtos	itemcotacao
13	clientes	cliente
14	transaccoes	cliente
15	transaccoes	transaccao
16	transaccoes	itemtransaccao
17	stock	stock
18	cotacoes	cotacao
19	cotacoes	itemcotacao
20	cotacoes	cliente
21	token_blacklist	blacklistedtoken
22	token_blacklist	outstandingtoken
\.


--
-- Data for Name: django_migrations; Type: TABLE DATA; Schema: public; Owner: postgres
--

COPY public.django_migrations (id, app, name, applied) FROM stdin;
1	contenttypes	0001_initial	2025-06-25 10:10:54.451344+02
2	auth	0001_initial	2025-06-25 10:10:54.737902+02
3	admin	0001_initial	2025-06-25 10:10:54.827805+02
4	admin	0002_logentry_remove_auto_add	2025-06-25 10:10:54.84089+02
5	admin	0003_logentry_add_action_flag_choices	2025-06-25 10:10:54.853272+02
6	contenttypes	0002_remove_content_type_name	2025-06-25 10:10:54.894353+02
7	auth	0002_alter_permission_name_max_length	2025-06-25 10:10:54.924467+02
8	auth	0003_alter_user_email_max_length	2025-06-25 10:10:54.939795+02
9	auth	0004_alter_user_username_opts	2025-06-25 10:10:54.958671+02
10	auth	0005_alter_user_last_login_null	2025-06-25 10:10:54.992222+02
11	auth	0006_require_contenttypes_0002	2025-06-25 10:10:55.002324+02
12	auth	0007_alter_validators_add_error_messages	2025-06-25 10:10:55.033037+02
13	auth	0008_alter_user_username_max_length	2025-06-25 10:10:55.100904+02
14	auth	0009_alter_user_last_name_max_length	2025-06-25 10:10:55.141778+02
15	auth	0010_alter_group_name_max_length	2025-06-25 10:10:55.165398+02
16	auth	0011_update_proxy_permissions	2025-06-25 10:10:55.187927+02
17	auth	0012_alter_user_first_name_max_length	2025-06-25 10:10:55.205896+02
18	authtoken	0001_initial	2025-06-25 10:10:55.239712+02
19	authtoken	0002_auto_20160226_1747	2025-06-25 10:10:55.287424+02
20	authtoken	0003_tokenproxy	2025-06-25 10:10:55.300636+02
21	authtoken	0004_alter_tokenproxy_options	2025-06-25 10:10:55.307549+02
22	clientes	0001_initial	2025-06-25 10:10:55.328106+02
23	produtos	0001_initial	2025-06-25 10:10:55.41822+02
25	sessions	0001_initial	2025-06-25 10:10:55.521813+02
26	stock	0001_initial	2025-06-25 10:10:55.543754+02
29	transaccoes	0002_alter_transaccao_tipo_pagamento	2025-06-26 09:11:27.38163+02
32	produtos	0002_remove_itemcotacao_cotacao_and_more	2025-06-27 02:50:44.583383+02
33	cotacoes	0001_initial	2025-06-27 03:56:44.939073+02
34	transaccoes	0001_initial	2025-06-27 06:14:05.731574+02
35	stock	0002_stock_data_entrada_alter_stock_produto_and_more	2025-06-27 07:02:49.252012+02
36	stock	0003_stock_estado	2025-06-27 10:31:43.054595+02
37	stock	0004_remove_stock_estado_alter_stock_data_entrada	2025-06-27 13:11:40.795132+02
38	stock	0005_alter_stock_produto_alter_stock_quantidade	2025-06-30 22:59:56.504029+02
39	stock	0006_alter_stock_produto	2025-06-30 23:11:44.338562+02
40	token_blacklist	0001_initial	2025-07-21 23:49:31.626674+02
41	token_blacklist	0002_outstandingtoken_jti_hex	2025-07-21 23:49:31.722386+02
42	token_blacklist	0003_auto_20171017_2007	2025-07-21 23:49:31.797051+02
43	token_blacklist	0004_auto_20171017_2013	2025-07-21 23:49:31.970741+02
44	token_blacklist	0005_remove_outstandingtoken_jti	2025-07-21 23:49:32.225561+02
45	token_blacklist	0006_auto_20171017_2113	2025-07-21 23:49:32.254655+02
46	token_blacklist	0007_auto_20171017_2214	2025-07-21 23:49:33.193932+02
47	token_blacklist	0008_migrate_to_bigautofield	2025-07-21 23:49:33.616662+02
48	token_blacklist	0010_fix_migrate_to_bigautofield	2025-07-21 23:49:33.941234+02
49	token_blacklist	0011_linearizes_history	2025-07-21 23:49:33.951049+02
50	token_blacklist	0012_alter_outstandingtoken_user	2025-07-21 23:49:34.026645+02
\.


--
-- Data for Name: django_session; Type: TABLE DATA; Schema: public; Owner: postgres
--

COPY public.django_session (session_key, session_data, expire_date) FROM stdin;
33bjwsy914g59s3pqy9rpstrlk622gyo	.eJxVjEEOwiAQRe_C2hBgGGhduvcMZGBAqoYmpV0Z765NutDtf-_9lwi0rTVsPS9hYnEWWpx-t0jpkdsO-E7tNss0t3WZotwVedAurzPn5-Vw_w4q9fqti0LH2Vs04AoZzeCjR5dMQYVUCiccGFwCVsDWeVSDVZQ0gR9hNE68P9plN0E:1uUMIu:x_Bos8WRPaNSRAQhx_u4LVUi7fV24dnaL1Q2tGFRWtE	2025-07-09 11:20:28.45403+02
k821j0nnot3ylob5yn95zycbjo49yymi	.eJxVjEEOwiAQRe_C2hBgGGhduvcMZGBAqoYmpV0Z765NutDtf-_9lwi0rTVsPS9hYnEWWpx-t0jpkdsO-E7tNss0t3WZotwVedAurzPn5-Vw_w4q9fqti0LH2Vs04AoZzeCjR5dMQYVUCiccGFwCVsDWeVSDVZQ0gR9hNE68P9plN0E:1uUaSG:k3LMJYLopJmCg_mzCge8H90_DXzIVeVooFB2zp6xDxg	2025-07-10 02:27:04.17493+02
hi6zqw2sjmj5yyqf4ezqbqrrl8f3mw52	.eJxVjMEOwiAQRP-FsyFsWcB69O43kIUFqRpISnsy_rtt0oOeJpn3Zt7C07oUv_Y0-4nFRYA4_XaB4jPVHfCD6r3J2OoyT0Huijxol7fG6XU93L-DQr1s64xOgWHcApNOjtHaCAgxKEvaJTDDYByEjICaaIw66DPbzHaEoBjF5wu-hzcu:1ue9yN:Pjv4KwfcnM35XM_wnk9bZVbJJwDAYlY3GEUUQh0ohAs	2025-08-05 12:11:47.081754+02
\.


--
-- Data for Name: produtos_categoria; Type: TABLE DATA; Schema: public; Owner: postgres
--

COPY public.produtos_categoria (id, nome) FROM stdin;
2	Computadores
3	Tonners
1	Impressoras/Fotocopiadoras
\.


--
-- Data for Name: produtos_produto; Type: TABLE DATA; Schema: public; Owner: postgres
--

COPY public.produtos_produto (id, nome, descricao, preco_venda, preco_aluguer, pode_ser_vendido, pode_ser_alugado, activo, categoria_id) FROM stdin;
4	Xerox		87000.00	\N	t	f	t	1
5	Dell 800		15427.00	\N	t	f	t	2
6	ASUS		14799.00	\N	t	f	t	2
7	Bizhub 2073		5400.00	\N	t	f	t	3
\.


--
-- Data for Name: stock_stock; Type: TABLE DATA; Schema: public; Owner: postgres
--

COPY public.stock_stock (id, quantidade, produto_id, data_entrada) FROM stdin;
49	13	7	2025-07-15 14:13:59.82514+02
46	3	6	2025-07-15 13:26:48.804358+02
36	18	4	2025-07-01 00:07:42.758682+02
41	30	5	2025-07-14 15:02:45.126598+02
\.


--
-- Data for Name: token_blacklist_blacklistedtoken; Type: TABLE DATA; Schema: public; Owner: postgres
--

COPY public.token_blacklist_blacklistedtoken (id, blacklisted_at, token_id) FROM stdin;
\.


--
-- Data for Name: token_blacklist_outstandingtoken; Type: TABLE DATA; Schema: public; Owner: postgres
--

COPY public.token_blacklist_outstandingtoken (id, token, created_at, expires_at, user_id, jti) FROM stdin;
1	eyJhbGciOiJIUzI1NiIsInR5cCI6IkpXVCJ9.eyJ0b2tlbl90eXBlIjoicmVmcmVzaCIsImV4cCI6MjA2ODQ5NDU3MiwiaWF0IjoxNzUzMTM0NTcyLCJqdGkiOiI2MTNiMGIxOTMxYjk0ZjFjYTkzN2I0NjQ4NDhlNjdlOCIsInVzZXJfaWQiOjd9.OOKbEe3cQGEUT7Z3rzNDW607YDqrD5LvAbYSMQn_jhY	2025-07-21 23:49:32.740134+02	2035-07-19 23:49:32+02	7	613b0b1931b94f1ca937b464848e67e8
2	eyJhbGciOiJIUzI1NiIsInR5cCI6IkpXVCJ9.eyJ0b2tlbl90eXBlIjoicmVmcmVzaCIsImV4cCI6MjA2ODQ5NDYyOCwiaWF0IjoxNzUzMTM0NjI4LCJqdGkiOiJmNDFjOTIwZjg0OTk0YjA4OGUzYWQ4OGUwY2IxNTIyNCIsInVzZXJfaWQiOjd9.uu6F1CNbARH-gNoHl5KzqZlZg3cLEM1fHbZiYmQvkQk	2025-07-21 23:50:28.789837+02	2035-07-19 23:50:28+02	7	f41c920f84994b088e3ad88e0cb15224
3	eyJhbGciOiJIUzI1NiIsInR5cCI6IkpXVCJ9.eyJ0b2tlbl90eXBlIjoicmVmcmVzaCIsImV4cCI6MjA2ODQ5NTA5NywiaWF0IjoxNzUzMTM1MDk3LCJqdGkiOiIzOGMwMTVlNWU2YTk0ZDAyODAyZWQxMDQyY2U2ZmQxNCIsInVzZXJfaWQiOjd9.yUHco7gbHxFdUsSrv6xp19SOg9td0-OAvt-BMML88to	2025-07-21 23:58:17.816948+02	2035-07-19 23:58:17+02	7	38c015e5e6a94d02802ed1042ce6fd14
4	eyJhbGciOiJIUzI1NiIsInR5cCI6IkpXVCJ9.eyJ0b2tlbl90eXBlIjoicmVmcmVzaCIsImV4cCI6MjA2ODUwMjgwMywiaWF0IjoxNzUzMTQyODAzLCJqdGkiOiI4MjM4YzI4MDcxMDc0Y2NkOTNhNGM1YWNmNDQ2NWIwNyIsInVzZXJfaWQiOjR9.XBJkEPTUxf_h6MSW_XcPkoNq90_AJAX0CKqZ-j6XoY0	2025-07-22 02:06:43.979864+02	2035-07-20 02:06:43+02	4	8238c28071074ccd93a4c5acf4465b07
5	eyJhbGciOiJIUzI1NiIsInR5cCI6IkpXVCJ9.eyJ0b2tlbl90eXBlIjoicmVmcmVzaCIsImV4cCI6MjA2ODUwMjgyMywiaWF0IjoxNzUzMTQyODIzLCJqdGkiOiI2NDBiYmUxODMzNGU0Y2MwYTgwMWU1NmM1ODE0MWM2YSIsInVzZXJfaWQiOjR9.lujKwIJfc4wKKuDcpRtY8K0jlaQILpE_5FJLuVV6KBs	2025-07-22 02:07:03.27077+02	2035-07-20 02:07:03+02	4	640bbe18334e4cc0a801e56c58141c6a
6	eyJhbGciOiJIUzI1NiIsInR5cCI6IkpXVCJ9.eyJ0b2tlbl90eXBlIjoicmVmcmVzaCIsImV4cCI6MjA2ODUwMjgyNSwiaWF0IjoxNzUzMTQyODI1LCJqdGkiOiJmODgzMmIwODU5NTc0ZmMwOTY5OWZkY2QwMGQ3YzRiNCIsInVzZXJfaWQiOjR9.n0Ix-iQySCWDYSian5ARvCHEin0clZx2uakKwQCpCd8	2025-07-22 02:07:05.055807+02	2035-07-20 02:07:05+02	4	f8832b0859574fc09699fdcd00d7c4b4
7	eyJhbGciOiJIUzI1NiIsInR5cCI6IkpXVCJ9.eyJ0b2tlbl90eXBlIjoicmVmcmVzaCIsImV4cCI6MjA2ODUwMjgzNSwiaWF0IjoxNzUzMTQyODM1LCJqdGkiOiI5ZjhmODAxMDMxNWE0NzllOWFiMDE5NzQ5NjMwN2Y5OCIsInVzZXJfaWQiOjd9.mG977eWKz-syl8c-OoJYU_LYjfAsH3iW7u8ZQEQVfh4	2025-07-22 02:07:15.424396+02	2035-07-20 02:07:15+02	7	9f8f8010315a479e9ab0197496307f98
8	eyJhbGciOiJIUzI1NiIsInR5cCI6IkpXVCJ9.eyJ0b2tlbl90eXBlIjoicmVmcmVzaCIsImV4cCI6MjA2ODUwMjg0MywiaWF0IjoxNzUzMTQyODQzLCJqdGkiOiI2Y2IzYzc3YjBiZWM0NWU1YjUzYjAxYTVmOTcyZjIyZCIsInVzZXJfaWQiOjF9.FecGE93_DPEM7XY_WWKt5NizFncL_HsDMphhUjzrYJc	2025-07-22 02:07:23.088114+02	2035-07-20 02:07:23+02	1	6cb3c77b0bec45e5b53b01a5f972f22d
9	eyJhbGciOiJIUzI1NiIsInR5cCI6IkpXVCJ9.eyJ0b2tlbl90eXBlIjoicmVmcmVzaCIsImV4cCI6MjA2ODUwMjg0NiwiaWF0IjoxNzUzMTQyODQ2LCJqdGkiOiIzMzVkM2I1OGI3MGI0MTM5YTQ0ZGUxNGU3NDUzYjM3NCIsInVzZXJfaWQiOjF9.n1dSoYXLQuyMOAia-cQY3xN_VrGge5EjhHA8hlm28y8	2025-07-22 02:07:26.434915+02	2035-07-20 02:07:26+02	1	335d3b58b70b4139a44de14e7453b374
10	eyJhbGciOiJIUzI1NiIsInR5cCI6IkpXVCJ9.eyJ0b2tlbl90eXBlIjoicmVmcmVzaCIsImV4cCI6MjA2ODUwMjg1MSwiaWF0IjoxNzUzMTQyODUxLCJqdGkiOiI5MWE1ZTY1NDNhMDQ0NDMzODkyZjVhMGI4NWY0ZjQ3YyIsInVzZXJfaWQiOjF9._xsVEGqD3qVks0xU5q2kTIzay3kLm6_fl-5AEBRTR4s	2025-07-22 02:07:31.155616+02	2035-07-20 02:07:31+02	1	91a5e6543a044433892f5a0b85f4f47c
11	eyJhbGciOiJIUzI1NiIsInR5cCI6IkpXVCJ9.eyJ0b2tlbl90eXBlIjoicmVmcmVzaCIsImV4cCI6MjA2ODUwMjg1OSwiaWF0IjoxNzUzMTQyODU5LCJqdGkiOiIwODc1MzQ2YjBhZWY0Nzg5ODhmMzJmM2NlMDk0Y2IwMCIsInVzZXJfaWQiOjF9.B5mIYYpsORrU7s8gksNs7XuEApV1xQXbSU3ktxCgRes	2025-07-22 02:07:39.014025+02	2035-07-20 02:07:39+02	1	0875346b0aef478988f32f3ce094cb00
12	eyJhbGciOiJIUzI1NiIsInR5cCI6IkpXVCJ9.eyJ0b2tlbl90eXBlIjoicmVmcmVzaCIsImV4cCI6MjA2ODUwMjg4MiwiaWF0IjoxNzUzMTQyODgyLCJqdGkiOiJmNWY0MWZjZjIxMTE0YWI4OTE3MmYxYTQ2NjZiNzA5OSIsInVzZXJfaWQiOjV9.19UCWxC55H0Bnx__HCFRqxk0Pq_rZ9Fp4n4v88lxaIQ	2025-07-22 02:08:02.149541+02	2035-07-20 02:08:02+02	5	f5f41fcf21114ab89172f1a4666b7099
13	eyJhbGciOiJIUzI1NiIsInR5cCI6IkpXVCJ9.eyJ0b2tlbl90eXBlIjoicmVmcmVzaCIsImV4cCI6MjA2ODUwMjg4MywiaWF0IjoxNzUzMTQyODgzLCJqdGkiOiI4Y2VkYTQyMDYyMTY0YmI0ODRiMmI1YWIzMTJkYjYzZCIsInVzZXJfaWQiOjV9.dAHsGEYxYABB82n0SCde32Zh0JQqoaBg9LU7lPfMroQ	2025-07-22 02:08:03.090142+02	2035-07-20 02:08:03+02	5	8ceda42062164bb484b2b5ab312db63d
14	eyJhbGciOiJIUzI1NiIsInR5cCI6IkpXVCJ9.eyJ0b2tlbl90eXBlIjoicmVmcmVzaCIsImV4cCI6MjA2ODUwMjg4NSwiaWF0IjoxNzUzMTQyODg1LCJqdGkiOiI5ZTE2ZjFmYjRlZjg0M2ZkODhhZGRlMDhiNmJhMDE5ZCIsInVzZXJfaWQiOjV9.wSoEMpIPcXm-r1oWrN70HrlJqbTSlIYAGRnlvzo_1GY	2025-07-22 02:08:05.218233+02	2035-07-20 02:08:05+02	5	9e16f1fb4ef843fd88adde08b6ba019d
15	eyJhbGciOiJIUzI1NiIsInR5cCI6IkpXVCJ9.eyJ0b2tlbl90eXBlIjoicmVmcmVzaCIsImV4cCI6MjA2ODUwMjg4NiwiaWF0IjoxNzUzMTQyODg2LCJqdGkiOiJhMzQ3ZGRlMGZjMmQ0OWM4YjM5NjM5OTYyNWFhM2ZkYiIsInVzZXJfaWQiOjV9.0HdV1BENP8VnwO_XTIKoRHlIytxPY6yPlm_5imY7o0o	2025-07-22 02:08:06.443328+02	2035-07-20 02:08:06+02	5	a347dde0fc2d49c8b396399625aa3fdb
16	eyJhbGciOiJIUzI1NiIsInR5cCI6IkpXVCJ9.eyJ0b2tlbl90eXBlIjoicmVmcmVzaCIsImV4cCI6MjA2ODUwMjg4NywiaWF0IjoxNzUzMTQyODg3LCJqdGkiOiIzYWI1N2RkMDFkOWY0N2FjYTQ2ZjA1NzBjOWEwNzM2MiIsInVzZXJfaWQiOjV9.pWWEwi_ETwvsLTrEXb9xYpfpqLgTfFnIWLkSkjJqzSE	2025-07-22 02:08:07.737229+02	2035-07-20 02:08:07+02	5	3ab57dd01d9f47aca46f0570c9a07362
17	eyJhbGciOiJIUzI1NiIsInR5cCI6IkpXVCJ9.eyJ0b2tlbl90eXBlIjoicmVmcmVzaCIsImV4cCI6MjA2ODUwMjkyOCwiaWF0IjoxNzUzMTQyOTI4LCJqdGkiOiI2OTg4NGRmNDJlNjk0OWNhYmQwZGMxM2EwMzA5NTljMyIsInVzZXJfaWQiOjd9.jyZ2d-pLm0eZXh4GtPKm9UjKgXC4IzKGTGiBF24O8KY	2025-07-22 02:08:48.935176+02	2035-07-20 02:08:48+02	7	69884df42e6949cabd0dc13a030959c3
18	eyJhbGciOiJIUzI1NiIsInR5cCI6IkpXVCJ9.eyJ0b2tlbl90eXBlIjoicmVmcmVzaCIsImV4cCI6MjA2ODUwMzE2MiwiaWF0IjoxNzUzMTQzMTYyLCJqdGkiOiJhMTY0M2JlZDAyNGM0YzlhOGY3MGIxYjQ1OGIzNGVjNyIsInVzZXJfaWQiOjd9.stldDmp1rq-Q2UPlONwzSqa-DwB3PHZYYaCOqEe_bfg	2025-07-22 02:12:42.300394+02	2035-07-20 02:12:42+02	7	a1643bed024c4c9a8f70b1b458b34ec7
19	eyJhbGciOiJIUzI1NiIsInR5cCI6IkpXVCJ9.eyJ0b2tlbl90eXBlIjoicmVmcmVzaCIsImV4cCI6MjA2ODUwMzMzNSwiaWF0IjoxNzUzMTQzMzM1LCJqdGkiOiI1ZGFhOGE0MjZiZTA0NGQ5OTM4ZjVlNTE2ZDA0M2RhNyIsInVzZXJfaWQiOjR9.Nm4PWxpDOZC-C1kydEqXMprazTKbYAfTP3ulWqs9egI	2025-07-22 02:15:35.641233+02	2035-07-20 02:15:35+02	4	5daa8a426be044d9938f5e516d043da7
20	eyJhbGciOiJIUzI1NiIsInR5cCI6IkpXVCJ9.eyJ0b2tlbl90eXBlIjoicmVmcmVzaCIsImV4cCI6MjA2ODUwMzMzNiwiaWF0IjoxNzUzMTQzMzM2LCJqdGkiOiIwZjBiYjNmYjVmMmE0NDAwOWMyNDdhNzQ1MzhiNGY1MyIsInVzZXJfaWQiOjR9.RWnmGE9zxSo5Axt-nBIFTb0YgLtKd50fGmUSQmS1IEE	2025-07-22 02:15:36.681881+02	2035-07-20 02:15:36+02	4	0f0bb3fb5f2a44009c247a74538b4f53
21	eyJhbGciOiJIUzI1NiIsInR5cCI6IkpXVCJ9.eyJ0b2tlbl90eXBlIjoicmVmcmVzaCIsImV4cCI6MjA2ODUwNTQxMSwiaWF0IjoxNzUzMTQ1NDExLCJqdGkiOiI0YWNhZGExZTFhOTE0ZDI0YjY3NDU0YzQ5NTdkOTg2YSIsInVzZXJfaWQiOjF9.uXQc7QKVvoX_ctLbktuGgbPhlVg1q8aWV1GDlRTPAYY	2025-07-22 02:50:11.755731+02	2035-07-20 02:50:11+02	1	4acada1e1a914d24b67454c4957d986a
22	eyJhbGciOiJIUzI1NiIsInR5cCI6IkpXVCJ9.eyJ0b2tlbl90eXBlIjoicmVmcmVzaCIsImV4cCI6MjA2ODUwNTQxNSwiaWF0IjoxNzUzMTQ1NDE1LCJqdGkiOiI2ODc3ZmEwN2I0N2U0NWU3OGM5NWQ2ODZjMTQzM2Y1NCIsInVzZXJfaWQiOjF9.REl2S3GH4EQoHWH2ifWlaONLsI7WtbH2dmIdm76Rt4g	2025-07-22 02:50:15.360464+02	2035-07-20 02:50:15+02	1	6877fa07b47e45e78c95d686c1433f54
23	eyJhbGciOiJIUzI1NiIsInR5cCI6IkpXVCJ9.eyJ0b2tlbl90eXBlIjoicmVmcmVzaCIsImV4cCI6MjA2ODUwNTYyNCwiaWF0IjoxNzUzMTQ1NjI0LCJqdGkiOiI5NzY0NTFkYjg2MDM0MTA1ODg3ODM0ODU0ZDEwNzk1ZSIsInVzZXJfaWQiOjF9._gULink0yDCBMwFIG191oHlEIecCq_DHj-ErHuQ_jFQ	2025-07-22 02:53:44.59393+02	2035-07-20 02:53:44+02	1	976451db86034105887834854d10795e
28	eyJhbGciOiJIUzI1NiIsInR5cCI6IkpXVCJ9.eyJ0b2tlbl90eXBlIjoicmVmcmVzaCIsImV4cCI6MjA2ODUxNTExNywiaWF0IjoxNzUzMTU1MTE3LCJqdGkiOiIxMTE3MTU3MDhjNDA0N2NmOThhOGUzODBlNmFiZThmOCIsInVzZXJfaWQiOjF9.0sTy3hXmRftFKfULvHY42tM21YISgC4MfSgI2tdlLNY	2025-07-22 05:31:57.189655+02	2035-07-20 05:31:57+02	1	111715708c4047cf98a8e380e6abe8f8
29	eyJhbGciOiJIUzI1NiIsInR5cCI6IkpXVCJ9.eyJ0b2tlbl90eXBlIjoicmVmcmVzaCIsImV4cCI6MjA2ODUxNTExNywiaWF0IjoxNzUzMTU1MTE3LCJqdGkiOiJmMzkyYWY0ZTNiMTU0YjJlOTM3NzRkZDAzOTE2NjMwMCIsInVzZXJfaWQiOjF9.vqvc4fiurTlmqMFVDnugxmvcCGr3sEWUImlV8aAlJdQ	2025-07-22 05:31:57.189807+02	2035-07-20 05:31:57+02	1	f392af4e3b154b2e93774dd039166300
30	eyJhbGciOiJIUzI1NiIsInR5cCI6IkpXVCJ9.eyJ0b2tlbl90eXBlIjoicmVmcmVzaCIsImV4cCI6MjA2ODUxNTEzNCwiaWF0IjoxNzUzMTU1MTM0LCJqdGkiOiI0MTk1MzVmMmJmZDA0ZTAwOGQ0MTk0YWIxMjIyOWNkZCIsInVzZXJfaWQiOjF9.F17H3nmyHRLvRbLA3Ur10jYJoCYZ8rp4y1Q-7GE3AQU	2025-07-22 05:32:14.71207+02	2035-07-20 05:32:14+02	1	419535f2bfd04e008d4194ab12229cdd
51	eyJhbGciOiJIUzI1NiIsInR5cCI6IkpXVCJ9.eyJ0b2tlbl90eXBlIjoicmVmcmVzaCIsImV4cCI6MjA2ODUzMzM0NSwiaWF0IjoxNzUzMTczMzQ1LCJqdGkiOiI5Y2U0ZTg3ZjhjNDA0ODMzYjg5MzBmMGRmZjdmYzZmZSIsInVzZXJfaWQiOjF9.Zpx0C2q4pT-81OOzpuLJaoavi5X8a-BYErWINw1eu84	2025-07-22 10:35:45.064248+02	2035-07-20 10:35:45+02	1	9ce4e87f8c404833b8930f0dff7fc6fe
31	eyJhbGciOiJIUzI1NiIsInR5cCI6IkpXVCJ9.eyJ0b2tlbl90eXBlIjoicmVmcmVzaCIsImV4cCI6MjA2ODUxNTEzNCwiaWF0IjoxNzUzMTU1MTM0LCJqdGkiOiI1ZWVlNmJlOWU2NmQ0YTBhYWUxODJjYWNjYWYyNDQyNSIsInVzZXJfaWQiOjF9.Wy5FUWDhQYNds-Fn6y8PCC5fAXKuaYYaWoS-2r_VTrk	2025-07-22 05:32:14.828871+02	2035-07-20 05:32:14+02	1	5eee6be9e66d4a0aae182caccaf24425
52	eyJhbGciOiJIUzI1NiIsInR5cCI6IkpXVCJ9.eyJ0b2tlbl90eXBlIjoicmVmcmVzaCIsImV4cCI6MjA2ODUzMzczMywiaWF0IjoxNzUzMTczNzMzLCJqdGkiOiIxZDIyZmNlODk1ZjA0MjA3YmNmZGYyNTJhOGU3MzVmOSIsInVzZXJfaWQiOjF9.vlr1UUo5uGAsvquu5w7s2v6cSZ0OfgWaqYxzhPyFjto	2025-07-22 10:42:13.885545+02	2035-07-20 10:42:13+02	1	1d22fce895f04207bcfdf252a8e735f9
34	eyJhbGciOiJIUzI1NiIsInR5cCI6IkpXVCJ9.eyJ0b2tlbl90eXBlIjoicmVmcmVzaCIsImV4cCI6MjA2ODUxNTEzNCwiaWF0IjoxNzUzMTU1MTM0LCJqdGkiOiJmYzhiNGEyZjJlMmQ0YmYwYmVlMmY3ZGFjMWM5NTE0OCIsInVzZXJfaWQiOjF9.nLn55xGpy_vfMY0NrT1k5ApVM1my7XqmsACHkAtwsZk	2025-07-22 05:32:14.996651+02	2035-07-20 05:32:14+02	1	fc8b4a2f2e2d4bf0bee2f7dac1c95148
53	eyJhbGciOiJIUzI1NiIsInR5cCI6IkpXVCJ9.eyJ0b2tlbl90eXBlIjoicmVmcmVzaCIsImV4cCI6MjA2ODUzMzkzMywiaWF0IjoxNzUzMTczOTMzLCJqdGkiOiJlYzgyYzRkZGU0NjU0NTIzOGM0ODFhM2YwNWZjZGE4NiIsInVzZXJfaWQiOjF9.22y9FzP8jIV7w_FxQT7lMm3EzGxQLjjFapy-fiNsAtE	2025-07-22 10:45:33.236666+02	2035-07-20 10:45:33+02	1	ec82c4dde46545238c481a3f05fcda86
32	eyJhbGciOiJIUzI1NiIsInR5cCI6IkpXVCJ9.eyJ0b2tlbl90eXBlIjoicmVmcmVzaCIsImV4cCI6MjA2ODUxNTEzNCwiaWF0IjoxNzUzMTU1MTM0LCJqdGkiOiIzNDRiYjY5ZDVhYTY0ODZmYjUyNTEzMjczN2E3ODJkNyIsInVzZXJfaWQiOjF9.-Zqa0w6a2vjog9z9slXbvHgtL4cux_FbnvwXAX8xIws	2025-07-22 05:32:14.923885+02	2035-07-20 05:32:14+02	1	344bb69d5aa6486fb525132737a782d7
54	eyJhbGciOiJIUzI1NiIsInR5cCI6IkpXVCJ9.eyJ0b2tlbl90eXBlIjoicmVmcmVzaCIsImV4cCI6MjA2ODUzMzkzMywiaWF0IjoxNzUzMTczOTMzLCJqdGkiOiJjOGQ5OWZkYTAzYWU0NzNlOTM5NTM3M2FiZDQxZGIwZSIsInVzZXJfaWQiOjF9.cJDpgpVV6ITUQpmdTbvbwtbIM-RooLlZZ3jwbNNzm7E	2025-07-22 10:45:33.813931+02	2035-07-20 10:45:33+02	1	c8d99fda03ae473e9395373abd41db0e
26	eyJhbGciOiJIUzI1NiIsInR5cCI6IkpXVCJ9.eyJ0b2tlbl90eXBlIjoicmVmcmVzaCIsImV4cCI6MjA2ODUxNTExNywiaWF0IjoxNzUzMTU1MTE3LCJqdGkiOiI5NWJlMjdiNjQxNGI0MDdiYjg5YzViNTZlMWI3OWY3NyIsInVzZXJfaWQiOjF9.wYqNXLixUj8R2rbHuVgZTJlhUk4IUmdbDI9WvAcLEm4	2025-07-22 05:31:57.189975+02	2035-07-20 05:31:57+02	1	95be27b6414b407bb89c5b56e1b79f77
35	eyJhbGciOiJIUzI1NiIsInR5cCI6IkpXVCJ9.eyJ0b2tlbl90eXBlIjoicmVmcmVzaCIsImV4cCI6MjA2ODUxNTEzNSwiaWF0IjoxNzUzMTU1MTM1LCJqdGkiOiIxZTlhNGYwMWIyMDg0YmMxODA0MjQ2Y2FlZGI1OGVhOCIsInVzZXJfaWQiOjF9.bPFpAI-a4LmHDjKQm7a-qgVsGa0mR9JNoBlR4mv6_r0	2025-07-22 05:32:15.006105+02	2035-07-20 05:32:15+02	1	1e9a4f01b2084bc1804246caedb58ea8
55	eyJhbGciOiJIUzI1NiIsInR5cCI6IkpXVCJ9.eyJ0b2tlbl90eXBlIjoicmVmcmVzaCIsImV4cCI6MjA2ODUzMzk2OCwiaWF0IjoxNzUzMTczOTY4LCJqdGkiOiI5ZDU0ZDBhNDIyODc0OGY3OTBjNjhiNzA4OTY3Yjg5YSIsInVzZXJfaWQiOjF9.W_Uo9bkxd-t4FaIN_25KZO6corYC69lFB00grY0pxsM	2025-07-22 10:46:08.083449+02	2035-07-20 10:46:08+02	1	9d54d0a4228748f790c68b708967b89a
33	eyJhbGciOiJIUzI1NiIsInR5cCI6IkpXVCJ9.eyJ0b2tlbl90eXBlIjoicmVmcmVzaCIsImV4cCI6MjA2ODUxNTEzNCwiaWF0IjoxNzUzMTU1MTM0LCJqdGkiOiI0OTJlZjA4OTNkMDg0OWNhODVjNzg5M2MyNjQxNDNiZiIsInVzZXJfaWQiOjF9.IievshkQKhIRfwB6d8OxsABxsakld4uSBFsol3RBzqw	2025-07-22 05:32:14.989928+02	2035-07-20 05:32:14+02	1	492ef0893d0849ca85c7893c264143bf
56	eyJhbGciOiJIUzI1NiIsInR5cCI6IkpXVCJ9.eyJ0b2tlbl90eXBlIjoicmVmcmVzaCIsImV4cCI6MjA2ODUzNDk0MiwiaWF0IjoxNzUzMTc0OTQyLCJqdGkiOiIyY2Y2ZDcyOWI1YWI0NGE5ODI0OTdjNTNmNmQ2MDQ1NCIsInVzZXJfaWQiOjF9.cX9mzZaaVaYaORlEYShfIVYOzxFiArwK1ckJj6MbGJY	2025-07-22 11:02:22.238599+02	2035-07-20 11:02:22+02	1	2cf6d729b5ab44a982497c53f6d60454
36	eyJhbGciOiJIUzI1NiIsInR5cCI6IkpXVCJ9.eyJ0b2tlbl90eXBlIjoicmVmcmVzaCIsImV4cCI6MjA2ODUxNTEzNiwiaWF0IjoxNzUzMTU1MTM2LCJqdGkiOiJlODNiMWY2OTQzOTg0MmI1YTFlMzJjMjMyZDU2NTRlOCIsInVzZXJfaWQiOjF9._f-LRXDTtK1GIVhqP8qT8cdM2jTiC6LdSivCnftuCWU	2025-07-22 05:32:16.901421+02	2035-07-20 05:32:16+02	1	e83b1f69439842b5a1e32c232d5654e8
57	eyJhbGciOiJIUzI1NiIsInR5cCI6IkpXVCJ9.eyJ0b2tlbl90eXBlIjoicmVmcmVzaCIsImV4cCI6MjA2ODUzNTI1OCwiaWF0IjoxNzUzMTc1MjU4LCJqdGkiOiJkYjZmODM3NWJmMmM0MWRjYTFmNDQxNmY5ZTE1NzQ1OCIsInVzZXJfaWQiOjF9.y9cr0uuJlCiSZ3OLaAsYgdjFPY2Q5TCO-AxpBRbT49I	2025-07-22 11:07:38.635646+02	2035-07-20 11:07:38+02	1	db6f8375bf2c41dca1f4416f9e157458
37	eyJhbGciOiJIUzI1NiIsInR5cCI6IkpXVCJ9.eyJ0b2tlbl90eXBlIjoicmVmcmVzaCIsImV4cCI6MjA2ODUxNTE3MCwiaWF0IjoxNzUzMTU1MTcwLCJqdGkiOiJhNTVlNjEyMjgxNzQ0NmQ0YjFkYTY1NmM4YjJhNTg4OCIsInVzZXJfaWQiOjR9.VjxS_xQoPXEnf0EhXPo0kPhK9gz1CVcmUP9QWAlYLsA	2025-07-22 05:32:50.599725+02	2035-07-20 05:32:50+02	4	a55e6122817446d4b1da656c8b2a5888
58	eyJhbGciOiJIUzI1NiIsInR5cCI6IkpXVCJ9.eyJ0b2tlbl90eXBlIjoicmVmcmVzaCIsImV4cCI6MjA2ODUzNjE0OSwiaWF0IjoxNzUzMTc2MTQ5LCJqdGkiOiJmNDc4ZTgxYTg1OGU0NGUxOGM4MTVjYmM1MTA4ODNhNSIsInVzZXJfaWQiOjZ9.CUbNpAlTIA9gm_ulYb0zUcymYtqFDVeEkaFje5fPqMI	2025-07-22 11:22:29.94455+02	2035-07-20 11:22:29+02	6	f478e81a858e44e18c815cbc510883a5
25	eyJhbGciOiJIUzI1NiIsInR5cCI6IkpXVCJ9.eyJ0b2tlbl90eXBlIjoicmVmcmVzaCIsImV4cCI6MjA2ODUxNTExNywiaWF0IjoxNzUzMTU1MTE3LCJqdGkiOiJjNzAwMjI4ZGI3N2Q0ZmFlOWU2NzIwZjEyNzExYWFkNyIsInVzZXJfaWQiOjF9.5ew6rSqXuvCQiiKhRJO92JzQ2Ehj6rkG4oE9NWcdqpc	2025-07-22 05:31:57.187381+02	2035-07-20 05:31:57+02	1	c700228db77d4fae9e6720f12711aad7
38	eyJhbGciOiJIUzI1NiIsInR5cCI6IkpXVCJ9.eyJ0b2tlbl90eXBlIjoicmVmcmVzaCIsImV4cCI6MjA2ODUxNTE3MywiaWF0IjoxNzUzMTU1MTczLCJqdGkiOiJlZDkyMDNkNDUzZTA0ZjFkOWVhNTcxOTAwZDNhODIzZCIsInVzZXJfaWQiOjR9._ACch8uuOP3mdVacLAEdEuplC0jRNfQvx0Re8iVhAhc	2025-07-22 05:32:53.621403+02	2035-07-20 05:32:53+02	4	ed9203d453e04f1d9ea571900d3a823d
59	eyJhbGciOiJIUzI1NiIsInR5cCI6IkpXVCJ9.eyJ0b2tlbl90eXBlIjoicmVmcmVzaCIsImV4cCI6MjA2ODUzNjE1MCwiaWF0IjoxNzUzMTc2MTUwLCJqdGkiOiJlYzNkZGJiOGIzYmU0M2YwYTczNDE1MWJmMmYwZmQ1ZiIsInVzZXJfaWQiOjZ9.usZATGNwjD9KhnIlyyV_mcRExuD7wv_L9Eny80GjHm0	2025-07-22 11:22:30.737467+02	2035-07-20 11:22:30+02	6	ec3ddbb8b3be43f0a734151bf2f0fd5f
39	eyJhbGciOiJIUzI1NiIsInR5cCI6IkpXVCJ9.eyJ0b2tlbl90eXBlIjoicmVmcmVzaCIsImV4cCI6MjA2ODUxNTE3NCwiaWF0IjoxNzUzMTU1MTc0LCJqdGkiOiJiNWY1Mzk2NDYyNDM0MDBlYjZkNjU3MWQ3ZDg5NDdmYiIsInVzZXJfaWQiOjR9.ZqtCxvU_ndGvY_doBXMSBK0q8w8ynLr16NDC5Z6EU7U	2025-07-22 05:32:54.208548+02	2035-07-20 05:32:54+02	4	b5f539646243400eb6d6571d7d8947fb
60	eyJhbGciOiJIUzI1NiIsInR5cCI6IkpXVCJ9.eyJ0b2tlbl90eXBlIjoicmVmcmVzaCIsImV4cCI6MjA2ODUzNjE2OSwiaWF0IjoxNzUzMTc2MTY5LCJqdGkiOiJmNDM0MzE3OGU0YmQ0ZGRjOWM2YzM1MjcxNTNlYmYyNiIsInVzZXJfaWQiOjZ9.9Tjez6BAq99P0DNHu95zc-rtB3f_DPuNpOEOeOPkjaw	2025-07-22 11:22:49.811311+02	2035-07-20 11:22:49+02	6	f4343178e4bd4ddc9c6c3527153ebf26
40	eyJhbGciOiJIUzI1NiIsInR5cCI6IkpXVCJ9.eyJ0b2tlbl90eXBlIjoicmVmcmVzaCIsImV4cCI6MjA2ODUxNTE3NSwiaWF0IjoxNzUzMTU1MTc1LCJqdGkiOiJlNWI1ZTc1ZDVlMjI0NTUyYmU5OGIzOTc1OTUwZTk2NyIsInVzZXJfaWQiOjR9.lSYcdbWQJszzVnVml0BBAdSoo8z_b6vzQ3ZvxxhSlqo	2025-07-22 05:32:55.556239+02	2035-07-20 05:32:55+02	4	e5b5e75d5e224552be98b3975950e967
61	eyJhbGciOiJIUzI1NiIsInR5cCI6IkpXVCJ9.eyJ0b2tlbl90eXBlIjoicmVmcmVzaCIsImV4cCI6MjA2ODUzNjE5OSwiaWF0IjoxNzUzMTc2MTk5LCJqdGkiOiI3NWY5Y2VjNDM4MGI0N2U5ODQ0NjIzNzI2MGRjOGUxNCIsInVzZXJfaWQiOjR9.hu4ZRFClMxRpHFSTX_nuYkVrGtdlH0xuoKBfL4FIo-4	2025-07-22 11:23:19.017467+02	2035-07-20 11:23:19+02	4	75f9cec4380b47e98446237260dc8e14
41	eyJhbGciOiJIUzI1NiIsInR5cCI6IkpXVCJ9.eyJ0b2tlbl90eXBlIjoicmVmcmVzaCIsImV4cCI6MjA2ODUxNTE3NywiaWF0IjoxNzUzMTU1MTc3LCJqdGkiOiIxOTFhZWFkMzE5Mjg0ZGZhYjc1YmQyYzUxNDQ2ZGZiZSIsInVzZXJfaWQiOjR9.5Fi1zfyUzSPPhP8M4gcrA7c4n3YJuo77a1S7SKo6p4w	2025-07-22 05:32:57.642703+02	2035-07-20 05:32:57+02	4	191aead319284dfab75bd2c51446dfbe
62	eyJhbGciOiJIUzI1NiIsInR5cCI6IkpXVCJ9.eyJ0b2tlbl90eXBlIjoicmVmcmVzaCIsImV4cCI6MjA2ODUzNjIxOSwiaWF0IjoxNzUzMTc2MjE5LCJqdGkiOiIwNzE5ZjIzMWE1NzE0MzA2ODM0ZGQ0ZWUwMDE4YjFlNyIsInVzZXJfaWQiOjF9.YTP3bzrcEHao-h9Z6DFLwUx4w0BQFT9ap7m2GMjZTkU	2025-07-22 11:23:39.258413+02	2035-07-20 11:23:39+02	1	0719f231a5714306834dd4ee0018b1e7
24	eyJhbGciOiJIUzI1NiIsInR5cCI6IkpXVCJ9.eyJ0b2tlbl90eXBlIjoicmVmcmVzaCIsImV4cCI6MjA2ODUxNTExNywiaWF0IjoxNzUzMTU1MTE3LCJqdGkiOiJjNDY3Y2JiY2E4Y2Y0OTQyYjU0MDY2Mzk0YTZkNjc1YiIsInVzZXJfaWQiOjF9.0qdOqbySkQDAeyKEbl3yBUpsbZiFrBG2x6tRILr6Wbc	2025-07-22 05:31:57.197365+02	2035-07-20 05:31:57+02	1	c467cbbca8cf4942b54066394a6d675b
42	eyJhbGciOiJIUzI1NiIsInR5cCI6IkpXVCJ9.eyJ0b2tlbl90eXBlIjoicmVmcmVzaCIsImV4cCI6MjA2ODUxNzA2MSwiaWF0IjoxNzUzMTU3MDYxLCJqdGkiOiJjOTcxNmIwN2YyNzY0N2YxOGEwZGRhMzRlY2MzNGJhYSIsInVzZXJfaWQiOjR9.McbGzYdKv47ugrylTWxMawCJoSz410VEbmaxCX2rA7k	2025-07-22 06:04:21.709146+02	2035-07-20 06:04:21+02	4	c9716b07f27647f18a0dda34ecc34baa
44	eyJhbGciOiJIUzI1NiIsInR5cCI6IkpXVCJ9.eyJ0b2tlbl90eXBlIjoicmVmcmVzaCIsImV4cCI6MjA2ODUyNjkxOSwiaWF0IjoxNzUzMTY2OTE5LCJqdGkiOiI5MDg0ZDc3NGEyMDc0ZmFkYWI4N2YwZDg0OTY2ZWZmYyIsInVzZXJfaWQiOjR9.T_FHeCb4zAbejOTYWEC4DaQ7iybFu1vT0ISxlPuKPmw	2025-07-22 08:48:39.218376+02	2035-07-20 08:48:39+02	4	9084d774a2074fadab87f0d84966effc
63	eyJhbGciOiJIUzI1NiIsInR5cCI6IkpXVCJ9.eyJ0b2tlbl90eXBlIjoicmVmcmVzaCIsImV4cCI6MjA2ODUzNjIyNCwiaWF0IjoxNzUzMTc2MjI0LCJqdGkiOiJkMGYyNmRhZmY1Yjk0MDkzYWUzMWE0MjI5Mjc3YWNkOSIsInVzZXJfaWQiOjF9.nD0xadwlWiTWbzInu3AmJENrMtTD5k1I3pjp9wBwrD8	2025-07-22 11:23:44.432063+02	2035-07-20 11:23:44+02	1	d0f26daff5b94093ae31a4229277acd9
43	eyJhbGciOiJIUzI1NiIsInR5cCI6IkpXVCJ9.eyJ0b2tlbl90eXBlIjoicmVmcmVzaCIsImV4cCI6MjA2ODUxNzA2MSwiaWF0IjoxNzUzMTU3MDYxLCJqdGkiOiJjNzJkYzk1ZjI0Y2Q0NGMzOGE4ZmQ3MTVhZDJhMzg2OSIsInVzZXJfaWQiOjR9.mdSn7ziZ8dMLsohim5M8x6DY060BfiqE3ZTLSlzjTns	2025-07-22 06:04:21.644966+02	2035-07-20 06:04:21+02	4	c72dc95f24cd44c38a8fd715ad2a3869
45	eyJhbGciOiJIUzI1NiIsInR5cCI6IkpXVCJ9.eyJ0b2tlbl90eXBlIjoicmVmcmVzaCIsImV4cCI6MjA2ODUyNzgzOSwiaWF0IjoxNzUzMTY3ODM5LCJqdGkiOiI2MjMwNjc4ZTBlZTQ0Nzg3OTk1NzJmNjAzYTJlNDQ1ZCIsInVzZXJfaWQiOjR9.0xho-nG8QCai4jt9jHxZ2NSpPSHZgHPHCwsl7f7j-Zw	2025-07-22 09:03:59.420543+02	2035-07-20 09:03:59+02	4	6230678e0ee4478799572f603a2e445d
64	eyJhbGciOiJIUzI1NiIsInR5cCI6IkpXVCJ9.eyJ0b2tlbl90eXBlIjoicmVmcmVzaCIsImV4cCI6MjA2ODUzNjI1MSwiaWF0IjoxNzUzMTc2MjUxLCJqdGkiOiJjYTY5NDY4ZmVlNjc0MWFhYjM3YmYzYjRkYjUyZjc5YyIsInVzZXJfaWQiOjd9.wdEK7V2QwivBAIcsKexzugtFa6Xe155LZgaX0wCYd7w	2025-07-22 11:24:11.526998+02	2035-07-20 11:24:11+02	7	ca69468fee6741aab37bf3b4db52f79c
46	eyJhbGciOiJIUzI1NiIsInR5cCI6IkpXVCJ9.eyJ0b2tlbl90eXBlIjoicmVmcmVzaCIsImV4cCI6MjA2ODUyNzg0MCwiaWF0IjoxNzUzMTY3ODQwLCJqdGkiOiJlMDExY2FkMjBmMzE0MjBiOTZmNWYwNmZmZTExZWI3OCIsInVzZXJfaWQiOjR9.J1G9gf94MZaL0SGTxtlJD7hj-1zljg2nA-syYHkxeJ4	2025-07-22 09:04:00.331878+02	2035-07-20 09:04:00+02	4	e011cad20f31420b96f5f06ffe11eb78
65	eyJhbGciOiJIUzI1NiIsInR5cCI6IkpXVCJ9.eyJ0b2tlbl90eXBlIjoicmVmcmVzaCIsImV4cCI6MjA2ODUzNjc4OSwiaWF0IjoxNzUzMTc2Nzg5LCJqdGkiOiI0MDEzNDMyYjQ1M2I0NmY2Yjc5YzA2MTA1NGY4MTUzNSIsInVzZXJfaWQiOjd9.TwlxO0aLma5t9YIEfV-NLxEIbR9jGgFj-whGlQ9N3C4	2025-07-22 11:33:09.157749+02	2035-07-20 11:33:09+02	7	4013432b453b46f6b79c061054f81535
27	eyJhbGciOiJIUzI1NiIsInR5cCI6IkpXVCJ9.eyJ0b2tlbl90eXBlIjoicmVmcmVzaCIsImV4cCI6MjA2ODUxNTExNywiaWF0IjoxNzUzMTU1MTE3LCJqdGkiOiI2N2Y0Yzc3ODRmMmM0ODdjODI0ZjJhMWVlYjRlZmJmMCIsInVzZXJfaWQiOjF9.x2zXGsst47tqSyVoWXG6iIlz1fe4OLvHXKQed67Nph0	2025-07-22 05:31:57.189891+02	2035-07-20 05:31:57+02	1	67f4c7784f2c487c824f2a1eeb4efbf0
47	eyJhbGciOiJIUzI1NiIsInR5cCI6IkpXVCJ9.eyJ0b2tlbl90eXBlIjoicmVmcmVzaCIsImV4cCI6MjA2ODUyNzg1MSwiaWF0IjoxNzUzMTY3ODUxLCJqdGkiOiJhOWFjNDJmZWNjMWY0ZDBhOTg5YWRiZjlkYzZlMjVjNyIsInVzZXJfaWQiOjR9.SlLmL5KDs4e4_yUOq3LJ7p11v7vu5YkxhyfB61kOwfE	2025-07-22 09:04:11.233064+02	2035-07-20 09:04:11+02	4	a9ac42fecc1f4d0a989adbf9dc6e25c7
66	eyJhbGciOiJIUzI1NiIsInR5cCI6IkpXVCJ9.eyJ0b2tlbl90eXBlIjoicmVmcmVzaCIsImV4cCI6MjA2ODUzNjgwOSwiaWF0IjoxNzUzMTc2ODA5LCJqdGkiOiI2ZWQzMzU5OWNjM2Y0NWEyOTBmOTNjNzlhZDM1ODJhYiIsInVzZXJfaWQiOjd9.twDHhoUMtdq9DW3Jl9AyBIhzEcGem6hAEsJU77hQoO0	2025-07-22 11:33:29.570039+02	2035-07-20 11:33:29+02	7	6ed33599cc3f45a290f93c79ad3582ab
48	eyJhbGciOiJIUzI1NiIsInR5cCI6IkpXVCJ9.eyJ0b2tlbl90eXBlIjoicmVmcmVzaCIsImV4cCI6MjA2ODUzMjM3OCwiaWF0IjoxNzUzMTcyMzc4LCJqdGkiOiI5OGRjN2FkYmJiNzE0MGQ1OTQxN2M4YTk5M2U3MmQyZCIsInVzZXJfaWQiOjF9.1wdfyjZ2vQyPucN1c-QzJneMY5cZy5Wc1w7ysO30Gbw	2025-07-22 10:19:38.94799+02	2035-07-20 10:19:38+02	1	98dc7adbbb7140d59417c8a993e72d2d
49	eyJhbGciOiJIUzI1NiIsInR5cCI6IkpXVCJ9.eyJ0b2tlbl90eXBlIjoicmVmcmVzaCIsImV4cCI6MjA2ODUzMjY1NywiaWF0IjoxNzUzMTcyNjU3LCJqdGkiOiIzYjZjNWZjNDRiYzE0NWEzODk1Zjk1MjA2ZTM4MmJmNSIsInVzZXJfaWQiOjF9.LpVOZf7NskeHVZvfp0_9Fxu8Rnakxv9PKyxWjcUKsl4	2025-07-22 10:24:17.913822+02	2035-07-20 10:24:17+02	1	3b6c5fc44bc145a3895f95206e382bf5
50	eyJhbGciOiJIUzI1NiIsInR5cCI6IkpXVCJ9.eyJ0b2tlbl90eXBlIjoicmVmcmVzaCIsImV4cCI6MjA2ODUzMzAwOSwiaWF0IjoxNzUzMTczMDA5LCJqdGkiOiI3Y2VkMzE3M2JhZDg0NmFiOWFlM2ZjNjNlZjUwYzY4YSIsInVzZXJfaWQiOjF9.VzIja-ony8Gph4_WbPeez-E4-uHvGVxYqfz6CxM-UC4	2025-07-22 10:30:09.93315+02	2035-07-20 10:30:09+02	1	7ced3173bad846ab9ae3fc63ef50c68a
\.


--
-- Data for Name: transaccoes_cliente; Type: TABLE DATA; Schema: public; Owner: postgres
--

COPY public.transaccoes_cliente (id, nome, nuit, celular) FROM stdin;
1	Albertina	41254	785421
2	Edson	\N	
3	Elias	1425	
4	Eli	\N	
5	Hugo	42002	468564
6	Ader	\N	
8	Ader	\N	
7	Ader	\N	
9	Ader	\N	
10	Ader	\N	
11	Ader	\N	
12	Ader	\N	
13	Ader	\N	
14	Ader	\N	
15	Ader	\N	
16	Ader	\N	
17	Ader	\N	
18	Ader	\N	
20	Ader	\N	
19	Ader	\N	
21	Ader	\N	
22	Ader	\N	
23	Ader	\N	
25	Ader	\N	
24	Ader	\N	
26	Ader	\N	
27	Ader	\N	
28	Ader	\N	
29	Ader	\N	
30	Ader	\N	
31	Ader	\N	
32	gfd	\N	
33	asw	\N	
34	sdsw	\N	
35	dtyc	\N	
36	Moisés Manuel	\N	
37	Moisés Manuel	\N	
38	xdf	\N	
39	rgdc	\N	
40	fsex	\N	
41	TFV	\N	
42	Diamantino	\N	
43	GDXCRF	\N	
44	João	6841474	68774
45	José	32654	321123.
46	Sheldon	57432	5438732
\.


--
-- Data for Name: transaccoes_itemtransaccao; Type: TABLE DATA; Schema: public; Owner: postgres
--

COPY public.transaccoes_itemtransaccao (id, quantidade, tipo, produto_id, transaccao_id) FROM stdin;
1	1	venda	4	1
2	2	venda	5	2
3	4	venda	6	2
4	2	venda	6	3
5	12	venda	6	4
6	1	venda	4	5
7	1	venda	5	5
8	1	venda	6	5
9	1	venda	7	5
10	2	venda	6	6
11	2	venda	7	7
12	1	venda	5	8
13	3	venda	7	9
14	2	venda	7	10
15	1	venda	4	11
16	1	venda	5	12
17	1	venda	5	13
18	1	venda	6	14
19	10	venda	7	15
20	5	venda	7	16
21	1	venda	4	17
22	2	venda	5	17
23	2	venda	4	18
24	1	venda	5	18
25	1	venda	4	19
26	1	venda	6	19
\.


--
-- Data for Name: transaccoes_transaccao; Type: TABLE DATA; Schema: public; Owner: postgres
--

COPY public.transaccoes_transaccao (id, numero, data, tipo_pagamento, cliente_id) FROM stdin;
1	001/2025	2025-06-27 06:16:59.211954+02	numerario	1
2	002/2025	2025-07-01 01:39:51.853936+02	mpesa	2
3	003/2025	2025-07-01 01:41:12.343028+02	numerario	3
4	004/2025	2025-07-01 01:42:30.94317+02	emola	4
5	005/2025	2025-07-01 01:43:12.213339+02	numerario	3
6	006/2025	2025-07-14 22:56:44.136925+02	cheque	5
7	007/2025	2025-07-16 14:31:36.344199+02	numerario	32
8	008/2025	2025-07-16 14:39:17.413031+02	numerario	33
9	009/2025	2025-07-16 14:49:21.727364+02	numerario	34
10	010/2025	2025-07-16 15:54:03.672179+02	numerario	37
11	011/2025	2025-07-18 02:12:01.10501+02	numerario	38
12	012/2025	2025-07-18 02:16:42.772895+02	numerario	39
13	013/2025	2025-07-18 02:22:51.778538+02	numerario	40
14	014/2025	2025-07-18 02:55:23.274966+02	numerario	41
15	015/2025	2025-07-18 04:55:20.521439+02	numerario	42
16	016/2025	2025-07-18 04:57:18.503605+02	numerario	43
17	017/2025	2025-07-22 11:08:28.76332+02	numerario	44
18	018/2025	2025-07-22 11:28:51.307273+02	emola	45
19	019/2025	2025-07-22 11:40:20.500545+02	emola	46
\.


--
-- Name: auth_group_id_seq; Type: SEQUENCE SET; Schema: public; Owner: postgres
--

SELECT pg_catalog.setval('public.auth_group_id_seq', 3, true);


--
-- Name: auth_group_permissions_id_seq; Type: SEQUENCE SET; Schema: public; Owner: postgres
--

SELECT pg_catalog.setval('public.auth_group_permissions_id_seq', 98, true);


--
-- Name: auth_permission_id_seq; Type: SEQUENCE SET; Schema: public; Owner: postgres
--

SELECT pg_catalog.setval('public.auth_permission_id_seq', 88, true);


--
-- Name: auth_user_groups_id_seq; Type: SEQUENCE SET; Schema: public; Owner: postgres
--

SELECT pg_catalog.setval('public.auth_user_groups_id_seq', 4, true);


--
-- Name: auth_user_id_seq; Type: SEQUENCE SET; Schema: public; Owner: postgres
--

SELECT pg_catalog.setval('public.auth_user_id_seq', 7, true);


--
-- Name: auth_user_user_permissions_id_seq; Type: SEQUENCE SET; Schema: public; Owner: postgres
--

SELECT pg_catalog.setval('public.auth_user_user_permissions_id_seq', 1, false);


--
-- Name: clientes_cliente_id_seq; Type: SEQUENCE SET; Schema: public; Owner: postgres
--

SELECT pg_catalog.setval('public.clientes_cliente_id_seq', 1, false);


--
-- Name: cotacoes_cotacao_id_seq; Type: SEQUENCE SET; Schema: public; Owner: postgres
--

SELECT pg_catalog.setval('public.cotacoes_cotacao_id_seq', 16, true);


--
-- Name: cotacoes_itemcotacao_id_seq; Type: SEQUENCE SET; Schema: public; Owner: postgres
--

SELECT pg_catalog.setval('public.cotacoes_itemcotacao_id_seq', 20, true);


--
-- Name: django_admin_log_id_seq; Type: SEQUENCE SET; Schema: public; Owner: postgres
--

SELECT pg_catalog.setval('public.django_admin_log_id_seq', 33, true);


--
-- Name: django_content_type_id_seq; Type: SEQUENCE SET; Schema: public; Owner: postgres
--

SELECT pg_catalog.setval('public.django_content_type_id_seq', 22, true);


--
-- Name: django_migrations_id_seq; Type: SEQUENCE SET; Schema: public; Owner: postgres
--

SELECT pg_catalog.setval('public.django_migrations_id_seq', 50, true);


--
-- Name: produtos_categoria_id_seq; Type: SEQUENCE SET; Schema: public; Owner: postgres
--

SELECT pg_catalog.setval('public.produtos_categoria_id_seq', 3, true);


--
-- Name: produtos_produto_id_seq; Type: SEQUENCE SET; Schema: public; Owner: postgres
--

SELECT pg_catalog.setval('public.produtos_produto_id_seq', 7, true);


--
-- Name: stock_stock_id_seq; Type: SEQUENCE SET; Schema: public; Owner: postgres
--

SELECT pg_catalog.setval('public.stock_stock_id_seq', 64, true);


--
-- Name: token_blacklist_blacklistedtoken_id_seq; Type: SEQUENCE SET; Schema: public; Owner: postgres
--

SELECT pg_catalog.setval('public.token_blacklist_blacklistedtoken_id_seq', 1, false);


--
-- Name: token_blacklist_outstandingtoken_id_seq; Type: SEQUENCE SET; Schema: public; Owner: postgres
--

SELECT pg_catalog.setval('public.token_blacklist_outstandingtoken_id_seq', 66, true);


--
-- Name: transaccoes_cliente_id_seq; Type: SEQUENCE SET; Schema: public; Owner: postgres
--

SELECT pg_catalog.setval('public.transaccoes_cliente_id_seq', 46, true);


--
-- Name: transaccoes_itemtransaccao_id_seq; Type: SEQUENCE SET; Schema: public; Owner: postgres
--

SELECT pg_catalog.setval('public.transaccoes_itemtransaccao_id_seq', 26, true);


--
-- Name: transaccoes_transaccao_id_seq; Type: SEQUENCE SET; Schema: public; Owner: postgres
--

SELECT pg_catalog.setval('public.transaccoes_transaccao_id_seq', 19, true);


--
-- Name: auth_group auth_group_name_key; Type: CONSTRAINT; Schema: public; Owner: postgres
--

ALTER TABLE ONLY public.auth_group
    ADD CONSTRAINT auth_group_name_key UNIQUE (name);


--
-- Name: auth_group_permissions auth_group_permissions_group_id_permission_id_0cd325b0_uniq; Type: CONSTRAINT; Schema: public; Owner: postgres
--

ALTER TABLE ONLY public.auth_group_permissions
    ADD CONSTRAINT auth_group_permissions_group_id_permission_id_0cd325b0_uniq UNIQUE (group_id, permission_id);


--
-- Name: auth_group_permissions auth_group_permissions_pkey; Type: CONSTRAINT; Schema: public; Owner: postgres
--

ALTER TABLE ONLY public.auth_group_permissions
    ADD CONSTRAINT auth_group_permissions_pkey PRIMARY KEY (id);


--
-- Name: auth_group auth_group_pkey; Type: CONSTRAINT; Schema: public; Owner: postgres
--

ALTER TABLE ONLY public.auth_group
    ADD CONSTRAINT auth_group_pkey PRIMARY KEY (id);


--
-- Name: auth_permission auth_permission_content_type_id_codename_01ab375a_uniq; Type: CONSTRAINT; Schema: public; Owner: postgres
--

ALTER TABLE ONLY public.auth_permission
    ADD CONSTRAINT auth_permission_content_type_id_codename_01ab375a_uniq UNIQUE (content_type_id, codename);


--
-- Name: auth_permission auth_permission_pkey; Type: CONSTRAINT; Schema: public; Owner: postgres
--

ALTER TABLE ONLY public.auth_permission
    ADD CONSTRAINT auth_permission_pkey PRIMARY KEY (id);


--
-- Name: auth_user_groups auth_user_groups_pkey; Type: CONSTRAINT; Schema: public; Owner: postgres
--

ALTER TABLE ONLY public.auth_user_groups
    ADD CONSTRAINT auth_user_groups_pkey PRIMARY KEY (id);


--
-- Name: auth_user_groups auth_user_groups_user_id_group_id_94350c0c_uniq; Type: CONSTRAINT; Schema: public; Owner: postgres
--

ALTER TABLE ONLY public.auth_user_groups
    ADD CONSTRAINT auth_user_groups_user_id_group_id_94350c0c_uniq UNIQUE (user_id, group_id);


--
-- Name: auth_user auth_user_pkey; Type: CONSTRAINT; Schema: public; Owner: postgres
--

ALTER TABLE ONLY public.auth_user
    ADD CONSTRAINT auth_user_pkey PRIMARY KEY (id);


--
-- Name: auth_user_user_permissions auth_user_user_permissions_pkey; Type: CONSTRAINT; Schema: public; Owner: postgres
--

ALTER TABLE ONLY public.auth_user_user_permissions
    ADD CONSTRAINT auth_user_user_permissions_pkey PRIMARY KEY (id);


--
-- Name: auth_user_user_permissions auth_user_user_permissions_user_id_permission_id_14a6b632_uniq; Type: CONSTRAINT; Schema: public; Owner: postgres
--

ALTER TABLE ONLY public.auth_user_user_permissions
    ADD CONSTRAINT auth_user_user_permissions_user_id_permission_id_14a6b632_uniq UNIQUE (user_id, permission_id);


--
-- Name: auth_user auth_user_username_key; Type: CONSTRAINT; Schema: public; Owner: postgres
--

ALTER TABLE ONLY public.auth_user
    ADD CONSTRAINT auth_user_username_key UNIQUE (username);


--
-- Name: authtoken_token authtoken_token_pkey; Type: CONSTRAINT; Schema: public; Owner: postgres
--

ALTER TABLE ONLY public.authtoken_token
    ADD CONSTRAINT authtoken_token_pkey PRIMARY KEY (key);


--
-- Name: authtoken_token authtoken_token_user_id_key; Type: CONSTRAINT; Schema: public; Owner: postgres
--

ALTER TABLE ONLY public.authtoken_token
    ADD CONSTRAINT authtoken_token_user_id_key UNIQUE (user_id);


--
-- Name: clientes_cliente clientes_cliente_pkey; Type: CONSTRAINT; Schema: public; Owner: postgres
--

ALTER TABLE ONLY public.clientes_cliente
    ADD CONSTRAINT clientes_cliente_pkey PRIMARY KEY (id);


--
-- Name: cotacoes_cotacao cotacoes_cotacao_numero_key; Type: CONSTRAINT; Schema: public; Owner: postgres
--

ALTER TABLE ONLY public.cotacoes_cotacao
    ADD CONSTRAINT cotacoes_cotacao_numero_key UNIQUE (numero);


--
-- Name: cotacoes_cotacao cotacoes_cotacao_pkey; Type: CONSTRAINT; Schema: public; Owner: postgres
--

ALTER TABLE ONLY public.cotacoes_cotacao
    ADD CONSTRAINT cotacoes_cotacao_pkey PRIMARY KEY (id);


--
-- Name: cotacoes_itemcotacao cotacoes_itemcotacao_pkey; Type: CONSTRAINT; Schema: public; Owner: postgres
--

ALTER TABLE ONLY public.cotacoes_itemcotacao
    ADD CONSTRAINT cotacoes_itemcotacao_pkey PRIMARY KEY (id);


--
-- Name: django_admin_log django_admin_log_pkey; Type: CONSTRAINT; Schema: public; Owner: postgres
--

ALTER TABLE ONLY public.django_admin_log
    ADD CONSTRAINT django_admin_log_pkey PRIMARY KEY (id);


--
-- Name: django_content_type django_content_type_app_label_model_76bd3d3b_uniq; Type: CONSTRAINT; Schema: public; Owner: postgres
--

ALTER TABLE ONLY public.django_content_type
    ADD CONSTRAINT django_content_type_app_label_model_76bd3d3b_uniq UNIQUE (app_label, model);


--
-- Name: django_content_type django_content_type_pkey; Type: CONSTRAINT; Schema: public; Owner: postgres
--

ALTER TABLE ONLY public.django_content_type
    ADD CONSTRAINT django_content_type_pkey PRIMARY KEY (id);


--
-- Name: django_migrations django_migrations_pkey; Type: CONSTRAINT; Schema: public; Owner: postgres
--

ALTER TABLE ONLY public.django_migrations
    ADD CONSTRAINT django_migrations_pkey PRIMARY KEY (id);


--
-- Name: django_session django_session_pkey; Type: CONSTRAINT; Schema: public; Owner: postgres
--

ALTER TABLE ONLY public.django_session
    ADD CONSTRAINT django_session_pkey PRIMARY KEY (session_key);


--
-- Name: produtos_categoria produtos_categoria_pkey; Type: CONSTRAINT; Schema: public; Owner: postgres
--

ALTER TABLE ONLY public.produtos_categoria
    ADD CONSTRAINT produtos_categoria_pkey PRIMARY KEY (id);


--
-- Name: produtos_produto produtos_produto_pkey; Type: CONSTRAINT; Schema: public; Owner: postgres
--

ALTER TABLE ONLY public.produtos_produto
    ADD CONSTRAINT produtos_produto_pkey PRIMARY KEY (id);


--
-- Name: stock_stock stock_stock_pkey; Type: CONSTRAINT; Schema: public; Owner: postgres
--

ALTER TABLE ONLY public.stock_stock
    ADD CONSTRAINT stock_stock_pkey PRIMARY KEY (id);


--
-- Name: token_blacklist_blacklistedtoken token_blacklist_blacklistedtoken_pkey; Type: CONSTRAINT; Schema: public; Owner: postgres
--

ALTER TABLE ONLY public.token_blacklist_blacklistedtoken
    ADD CONSTRAINT token_blacklist_blacklistedtoken_pkey PRIMARY KEY (id);


--
-- Name: token_blacklist_blacklistedtoken token_blacklist_blacklistedtoken_token_id_key; Type: CONSTRAINT; Schema: public; Owner: postgres
--

ALTER TABLE ONLY public.token_blacklist_blacklistedtoken
    ADD CONSTRAINT token_blacklist_blacklistedtoken_token_id_key UNIQUE (token_id);


--
-- Name: token_blacklist_outstandingtoken token_blacklist_outstandingtoken_jti_hex_d9bdf6f7_uniq; Type: CONSTRAINT; Schema: public; Owner: postgres
--

ALTER TABLE ONLY public.token_blacklist_outstandingtoken
    ADD CONSTRAINT token_blacklist_outstandingtoken_jti_hex_d9bdf6f7_uniq UNIQUE (jti);


--
-- Name: token_blacklist_outstandingtoken token_blacklist_outstandingtoken_pkey; Type: CONSTRAINT; Schema: public; Owner: postgres
--

ALTER TABLE ONLY public.token_blacklist_outstandingtoken
    ADD CONSTRAINT token_blacklist_outstandingtoken_pkey PRIMARY KEY (id);


--
-- Name: transaccoes_cliente transaccoes_cliente_pkey; Type: CONSTRAINT; Schema: public; Owner: postgres
--

ALTER TABLE ONLY public.transaccoes_cliente
    ADD CONSTRAINT transaccoes_cliente_pkey PRIMARY KEY (id);


--
-- Name: transaccoes_itemtransaccao transaccoes_itemtransaccao_pkey; Type: CONSTRAINT; Schema: public; Owner: postgres
--

ALTER TABLE ONLY public.transaccoes_itemtransaccao
    ADD CONSTRAINT transaccoes_itemtransaccao_pkey PRIMARY KEY (id);


--
-- Name: transaccoes_transaccao transaccoes_transaccao_numero_key; Type: CONSTRAINT; Schema: public; Owner: postgres
--

ALTER TABLE ONLY public.transaccoes_transaccao
    ADD CONSTRAINT transaccoes_transaccao_numero_key UNIQUE (numero);


--
-- Name: transaccoes_transaccao transaccoes_transaccao_pkey; Type: CONSTRAINT; Schema: public; Owner: postgres
--

ALTER TABLE ONLY public.transaccoes_transaccao
    ADD CONSTRAINT transaccoes_transaccao_pkey PRIMARY KEY (id);


--
-- Name: auth_group_name_a6ea08ec_like; Type: INDEX; Schema: public; Owner: postgres
--

CREATE INDEX auth_group_name_a6ea08ec_like ON public.auth_group USING btree (name varchar_pattern_ops);


--
-- Name: auth_group_permissions_group_id_b120cbf9; Type: INDEX; Schema: public; Owner: postgres
--

CREATE INDEX auth_group_permissions_group_id_b120cbf9 ON public.auth_group_permissions USING btree (group_id);


--
-- Name: auth_group_permissions_permission_id_84c5c92e; Type: INDEX; Schema: public; Owner: postgres
--

CREATE INDEX auth_group_permissions_permission_id_84c5c92e ON public.auth_group_permissions USING btree (permission_id);


--
-- Name: auth_permission_content_type_id_2f476e4b; Type: INDEX; Schema: public; Owner: postgres
--

CREATE INDEX auth_permission_content_type_id_2f476e4b ON public.auth_permission USING btree (content_type_id);


--
-- Name: auth_user_groups_group_id_97559544; Type: INDEX; Schema: public; Owner: postgres
--

CREATE INDEX auth_user_groups_group_id_97559544 ON public.auth_user_groups USING btree (group_id);


--
-- Name: auth_user_groups_user_id_6a12ed8b; Type: INDEX; Schema: public; Owner: postgres
--

CREATE INDEX auth_user_groups_user_id_6a12ed8b ON public.auth_user_groups USING btree (user_id);


--
-- Name: auth_user_user_permissions_permission_id_1fbb5f2c; Type: INDEX; Schema: public; Owner: postgres
--

CREATE INDEX auth_user_user_permissions_permission_id_1fbb5f2c ON public.auth_user_user_permissions USING btree (permission_id);


--
-- Name: auth_user_user_permissions_user_id_a95ead1b; Type: INDEX; Schema: public; Owner: postgres
--

CREATE INDEX auth_user_user_permissions_user_id_a95ead1b ON public.auth_user_user_permissions USING btree (user_id);


--
-- Name: auth_user_username_6821ab7c_like; Type: INDEX; Schema: public; Owner: postgres
--

CREATE INDEX auth_user_username_6821ab7c_like ON public.auth_user USING btree (username varchar_pattern_ops);


--
-- Name: authtoken_token_key_10f0b77e_like; Type: INDEX; Schema: public; Owner: postgres
--

CREATE INDEX authtoken_token_key_10f0b77e_like ON public.authtoken_token USING btree (key varchar_pattern_ops);


--
-- Name: cotacoes_cotacao_numero_e1d89b89_like; Type: INDEX; Schema: public; Owner: postgres
--

CREATE INDEX cotacoes_cotacao_numero_e1d89b89_like ON public.cotacoes_cotacao USING btree (numero varchar_pattern_ops);


--
-- Name: cotacoes_itemcotacao_cotacao_id_77612e0c; Type: INDEX; Schema: public; Owner: postgres
--

CREATE INDEX cotacoes_itemcotacao_cotacao_id_77612e0c ON public.cotacoes_itemcotacao USING btree (cotacao_id);


--
-- Name: cotacoes_itemcotacao_produto_id_bddd13cf; Type: INDEX; Schema: public; Owner: postgres
--

CREATE INDEX cotacoes_itemcotacao_produto_id_bddd13cf ON public.cotacoes_itemcotacao USING btree (produto_id);


--
-- Name: django_admin_log_content_type_id_c4bce8eb; Type: INDEX; Schema: public; Owner: postgres
--

CREATE INDEX django_admin_log_content_type_id_c4bce8eb ON public.django_admin_log USING btree (content_type_id);


--
-- Name: django_admin_log_user_id_c564eba6; Type: INDEX; Schema: public; Owner: postgres
--

CREATE INDEX django_admin_log_user_id_c564eba6 ON public.django_admin_log USING btree (user_id);


--
-- Name: django_session_expire_date_a5c62663; Type: INDEX; Schema: public; Owner: postgres
--

CREATE INDEX django_session_expire_date_a5c62663 ON public.django_session USING btree (expire_date);


--
-- Name: django_session_session_key_c0390e0f_like; Type: INDEX; Schema: public; Owner: postgres
--

CREATE INDEX django_session_session_key_c0390e0f_like ON public.django_session USING btree (session_key varchar_pattern_ops);


--
-- Name: produtos_produto_categoria_id_4444949b; Type: INDEX; Schema: public; Owner: postgres
--

CREATE INDEX produtos_produto_categoria_id_4444949b ON public.produtos_produto USING btree (categoria_id);


--
-- Name: stock_stock_produto_id_f023bf81; Type: INDEX; Schema: public; Owner: postgres
--

CREATE INDEX stock_stock_produto_id_f023bf81 ON public.stock_stock USING btree (produto_id);


--
-- Name: token_blacklist_outstandingtoken_jti_hex_d9bdf6f7_like; Type: INDEX; Schema: public; Owner: postgres
--

CREATE INDEX token_blacklist_outstandingtoken_jti_hex_d9bdf6f7_like ON public.token_blacklist_outstandingtoken USING btree (jti varchar_pattern_ops);


--
-- Name: token_blacklist_outstandingtoken_user_id_83bc629a; Type: INDEX; Schema: public; Owner: postgres
--

CREATE INDEX token_blacklist_outstandingtoken_user_id_83bc629a ON public.token_blacklist_outstandingtoken USING btree (user_id);


--
-- Name: transaccoes_itemtransaccao_produto_id_1d3d3fd7; Type: INDEX; Schema: public; Owner: postgres
--

CREATE INDEX transaccoes_itemtransaccao_produto_id_1d3d3fd7 ON public.transaccoes_itemtransaccao USING btree (produto_id);


--
-- Name: transaccoes_itemtransaccao_transaccao_id_8f301391; Type: INDEX; Schema: public; Owner: postgres
--

CREATE INDEX transaccoes_itemtransaccao_transaccao_id_8f301391 ON public.transaccoes_itemtransaccao USING btree (transaccao_id);


--
-- Name: transaccoes_transaccao_cliente_id_98612021; Type: INDEX; Schema: public; Owner: postgres
--

CREATE INDEX transaccoes_transaccao_cliente_id_98612021 ON public.transaccoes_transaccao USING btree (cliente_id);


--
-- Name: transaccoes_transaccao_numero_f4f68c38_like; Type: INDEX; Schema: public; Owner: postgres
--

CREATE INDEX transaccoes_transaccao_numero_f4f68c38_like ON public.transaccoes_transaccao USING btree (numero varchar_pattern_ops);


--
-- Name: auth_group_permissions auth_group_permissio_permission_id_84c5c92e_fk_auth_perm; Type: FK CONSTRAINT; Schema: public; Owner: postgres
--

ALTER TABLE ONLY public.auth_group_permissions
    ADD CONSTRAINT auth_group_permissio_permission_id_84c5c92e_fk_auth_perm FOREIGN KEY (permission_id) REFERENCES public.auth_permission(id) DEFERRABLE INITIALLY DEFERRED;


--
-- Name: auth_group_permissions auth_group_permissions_group_id_b120cbf9_fk_auth_group_id; Type: FK CONSTRAINT; Schema: public; Owner: postgres
--

ALTER TABLE ONLY public.auth_group_permissions
    ADD CONSTRAINT auth_group_permissions_group_id_b120cbf9_fk_auth_group_id FOREIGN KEY (group_id) REFERENCES public.auth_group(id) DEFERRABLE INITIALLY DEFERRED;


--
-- Name: auth_permission auth_permission_content_type_id_2f476e4b_fk_django_co; Type: FK CONSTRAINT; Schema: public; Owner: postgres
--

ALTER TABLE ONLY public.auth_permission
    ADD CONSTRAINT auth_permission_content_type_id_2f476e4b_fk_django_co FOREIGN KEY (content_type_id) REFERENCES public.django_content_type(id) DEFERRABLE INITIALLY DEFERRED;


--
-- Name: auth_user_groups auth_user_groups_group_id_97559544_fk_auth_group_id; Type: FK CONSTRAINT; Schema: public; Owner: postgres
--

ALTER TABLE ONLY public.auth_user_groups
    ADD CONSTRAINT auth_user_groups_group_id_97559544_fk_auth_group_id FOREIGN KEY (group_id) REFERENCES public.auth_group(id) DEFERRABLE INITIALLY DEFERRED;


--
-- Name: auth_user_groups auth_user_groups_user_id_6a12ed8b_fk_auth_user_id; Type: FK CONSTRAINT; Schema: public; Owner: postgres
--

ALTER TABLE ONLY public.auth_user_groups
    ADD CONSTRAINT auth_user_groups_user_id_6a12ed8b_fk_auth_user_id FOREIGN KEY (user_id) REFERENCES public.auth_user(id) DEFERRABLE INITIALLY DEFERRED;


--
-- Name: auth_user_user_permissions auth_user_user_permi_permission_id_1fbb5f2c_fk_auth_perm; Type: FK CONSTRAINT; Schema: public; Owner: postgres
--

ALTER TABLE ONLY public.auth_user_user_permissions
    ADD CONSTRAINT auth_user_user_permi_permission_id_1fbb5f2c_fk_auth_perm FOREIGN KEY (permission_id) REFERENCES public.auth_permission(id) DEFERRABLE INITIALLY DEFERRED;


--
-- Name: auth_user_user_permissions auth_user_user_permissions_user_id_a95ead1b_fk_auth_user_id; Type: FK CONSTRAINT; Schema: public; Owner: postgres
--

ALTER TABLE ONLY public.auth_user_user_permissions
    ADD CONSTRAINT auth_user_user_permissions_user_id_a95ead1b_fk_auth_user_id FOREIGN KEY (user_id) REFERENCES public.auth_user(id) DEFERRABLE INITIALLY DEFERRED;


--
-- Name: authtoken_token authtoken_token_user_id_35299eff_fk_auth_user_id; Type: FK CONSTRAINT; Schema: public; Owner: postgres
--

ALTER TABLE ONLY public.authtoken_token
    ADD CONSTRAINT authtoken_token_user_id_35299eff_fk_auth_user_id FOREIGN KEY (user_id) REFERENCES public.auth_user(id) DEFERRABLE INITIALLY DEFERRED;


--
-- Name: cotacoes_itemcotacao cotacoes_itemcotacao_cotacao_id_77612e0c_fk_cotacoes_cotacao_id; Type: FK CONSTRAINT; Schema: public; Owner: postgres
--

ALTER TABLE ONLY public.cotacoes_itemcotacao
    ADD CONSTRAINT cotacoes_itemcotacao_cotacao_id_77612e0c_fk_cotacoes_cotacao_id FOREIGN KEY (cotacao_id) REFERENCES public.cotacoes_cotacao(id) DEFERRABLE INITIALLY DEFERRED;


--
-- Name: cotacoes_itemcotacao cotacoes_itemcotacao_produto_id_bddd13cf_fk_produtos_produto_id; Type: FK CONSTRAINT; Schema: public; Owner: postgres
--

ALTER TABLE ONLY public.cotacoes_itemcotacao
    ADD CONSTRAINT cotacoes_itemcotacao_produto_id_bddd13cf_fk_produtos_produto_id FOREIGN KEY (produto_id) REFERENCES public.produtos_produto(id) DEFERRABLE INITIALLY DEFERRED;


--
-- Name: django_admin_log django_admin_log_content_type_id_c4bce8eb_fk_django_co; Type: FK CONSTRAINT; Schema: public; Owner: postgres
--

ALTER TABLE ONLY public.django_admin_log
    ADD CONSTRAINT django_admin_log_content_type_id_c4bce8eb_fk_django_co FOREIGN KEY (content_type_id) REFERENCES public.django_content_type(id) DEFERRABLE INITIALLY DEFERRED;


--
-- Name: django_admin_log django_admin_log_user_id_c564eba6_fk_auth_user_id; Type: FK CONSTRAINT; Schema: public; Owner: postgres
--

ALTER TABLE ONLY public.django_admin_log
    ADD CONSTRAINT django_admin_log_user_id_c564eba6_fk_auth_user_id FOREIGN KEY (user_id) REFERENCES public.auth_user(id) DEFERRABLE INITIALLY DEFERRED;


--
-- Name: produtos_produto produtos_produto_categoria_id_4444949b_fk_produtos_categoria_id; Type: FK CONSTRAINT; Schema: public; Owner: postgres
--

ALTER TABLE ONLY public.produtos_produto
    ADD CONSTRAINT produtos_produto_categoria_id_4444949b_fk_produtos_categoria_id FOREIGN KEY (categoria_id) REFERENCES public.produtos_categoria(id) DEFERRABLE INITIALLY DEFERRED;


--
-- Name: stock_stock stock_stock_produto_id_f023bf81_fk_produtos_produto_id; Type: FK CONSTRAINT; Schema: public; Owner: postgres
--

ALTER TABLE ONLY public.stock_stock
    ADD CONSTRAINT stock_stock_produto_id_f023bf81_fk_produtos_produto_id FOREIGN KEY (produto_id) REFERENCES public.produtos_produto(id) DEFERRABLE INITIALLY DEFERRED;


--
-- Name: token_blacklist_blacklistedtoken token_blacklist_blacklistedtoken_token_id_3cc7fe56_fk; Type: FK CONSTRAINT; Schema: public; Owner: postgres
--

ALTER TABLE ONLY public.token_blacklist_blacklistedtoken
    ADD CONSTRAINT token_blacklist_blacklistedtoken_token_id_3cc7fe56_fk FOREIGN KEY (token_id) REFERENCES public.token_blacklist_outstandingtoken(id) DEFERRABLE INITIALLY DEFERRED;


--
-- Name: token_blacklist_outstandingtoken token_blacklist_outs_user_id_83bc629a_fk_auth_user; Type: FK CONSTRAINT; Schema: public; Owner: postgres
--

ALTER TABLE ONLY public.token_blacklist_outstandingtoken
    ADD CONSTRAINT token_blacklist_outs_user_id_83bc629a_fk_auth_user FOREIGN KEY (user_id) REFERENCES public.auth_user(id) DEFERRABLE INITIALLY DEFERRED;


--
-- Name: transaccoes_itemtransaccao transaccoes_itemtran_produto_id_1d3d3fd7_fk_produtos_; Type: FK CONSTRAINT; Schema: public; Owner: postgres
--

ALTER TABLE ONLY public.transaccoes_itemtransaccao
    ADD CONSTRAINT transaccoes_itemtran_produto_id_1d3d3fd7_fk_produtos_ FOREIGN KEY (produto_id) REFERENCES public.produtos_produto(id) DEFERRABLE INITIALLY DEFERRED;


--
-- Name: transaccoes_itemtransaccao transaccoes_itemtran_transaccao_id_8f301391_fk_transacco; Type: FK CONSTRAINT; Schema: public; Owner: postgres
--

ALTER TABLE ONLY public.transaccoes_itemtransaccao
    ADD CONSTRAINT transaccoes_itemtran_transaccao_id_8f301391_fk_transacco FOREIGN KEY (transaccao_id) REFERENCES public.transaccoes_transaccao(id) DEFERRABLE INITIALLY DEFERRED;


--
-- Name: transaccoes_transaccao transaccoes_transacc_cliente_id_98612021_fk_transacco; Type: FK CONSTRAINT; Schema: public; Owner: postgres
--

ALTER TABLE ONLY public.transaccoes_transaccao
    ADD CONSTRAINT transaccoes_transacc_cliente_id_98612021_fk_transacco FOREIGN KEY (cliente_id) REFERENCES public.transaccoes_cliente(id) DEFERRABLE INITIALLY DEFERRED;


--
-- PostgreSQL database dump complete
--

